Genotype,Days to Flowering,Pedigree,Accession Number,Breeding Program,PC1,PC2,PC3,PC4,PC5,Type/Heterotic Group
A322,71,15_28 X 8_29,Ames 23422,"United States, Minnesota",-132.6347935,-77.34353017,-88.72622635,-134.6562296,86.95262723,Unknown
A385,71,15-28 X H (Rustler X Holbert Yellow Dent),Ames 23429,"United States, Minnesota",-121.8497981,-136.3048355,-116.2327838,-186.3640493,101.1225973,Non Stiff Stalk
A572,71,NA,Ames 23451,"United States, Minnesota",-148.304083,-103.9374692,-99.62092168,-138.4059581,99.64844774,Unknown
A641,71,ND203 X B14,Ames 19311,"United States, Minnesota",210.2539189,16.56458016,-390.9216074,244.8163418,0.063084818,Stiff Stalk
MS116,71,Duncan O.P.,Ames 24729,"United States, Michigan",-121.1862355,-113.2565008,-86.24965499,-105.0336122,93.11685544,Unknown
ND265,71,"Eight generations of selfing from NDSA (FS)C2, an improved version of NDSA which was developed by intercrossing eight early maturing inbreds selected for good general combining ability for yield",PI 546494,"United States, North Dakota",-75.22371973,-87.92976384,-119.6399076,-86.96137976,79.98625921,Non Stiff Stalk
OQ403,71,Pioneer 3901 X K81-336,PI 559920,"United AgriSeeds, Inc.",-209.4440114,620.5014551,89.48213335,-23.26133827,46.20159246,Iodent
PHVJ4,71,PHJ40 X PH207,PI 565099,"Pioneer Hi-Bred International, Inc.",-264.4715747,630.8831129,76.11501693,49.62595421,36.36286878,Iodent
T242,71,L20 X T220(2),PI 340830,"United States, Tennessee",-116.8950449,-110.2681929,-89.38911589,-161.5902116,86.27770534,Sweet Corn
W701BC,71,Golden_Glow_C25,NA,NA,NA,NA,NA,NA,NA,Non Stiff Stalk
W9,71,Golden Glow,NSL 30065,"United States, Wisconsin",-123.8447919,-135.6609737,-118.7464651,-186.03717,99.21580877,Non Stiff Stalk
911,73,Pioneer 3737,PI 557556,"Novartis Seeds, Inc.",-353.4777104,548.0743779,101.0778727,-10.53111593,-130.3243041,Iodent
91IFC2,73,FR23 (A654 X M017) X IBC2(2),PI564750,DEKALB Plant Genetics,-367.7412884,529.3868627,200.6778503,172.9592722,113.1513279,Iodent
A305,73,C1 X H ,Ames 23417,"United States, Minnesota",-120.8423999,-130.8966968,-93.2731184,-123.4808325,106.8219581,Unknown
A674,73,ULR,Ames 23498,"United States, Minnesota",-46.25368615,-104.8913575,-155.5091701,-57.4037368,69.2345364,Unknown
AQA3,73,ABA10 X FBAB,PI 564749,DEKALB Plant Genetics,292.1358995,26.18284885,-456.5106067,330.3147456,-69.69056668,Stiff Stalk
CA-4,73,Possibly a selection from Japanese Hulless.,PI 340836,"United States, Iowa",-130.8201162,-163.0267925,-99.06615618,-151.5654706,148.327772,Sweet Corn
CM105,73,V3 X B14 (2),PI 587124,"Canada, Morden",334.8140755,20.44261403,-473.0081771,344.461672,-56.12983141,Stiff Stalk
FC46,73,Bresse,PI 257517,France,-135.7492024,-148.7811041,-102.2935017,-158.3085859,118.9288611,Flint
Ia 453,73,P39 X 45(3),Ames 22030,"United States, Iowa",-151.2592407,-162.82842,-100.0371011,-141.702468,115.2493106,Sweet Corn
IA2132,73,TSR X 45 X 4329,PI 587134,"United States, Iowa",-138.0504457,-130.3815493,-74.46244828,-136.6331208,116.7013908,Sweet Corn
L 135,73,P3901 X W117,PI 601727,Lifaco Seed Corporation,-408.4401543,930.9056876,114.5736435,21.59855954,43.08023849,Iodent
LH146Ht,73,B73 X CM105(2),PI 601402,"Holden's Foundation Seeds, Inc.",530.2940571,40.81891877,-205.7585448,229.8049832,-12.46613514,Stiff Stalk
NORTH 7,73,NA,Ames 2328,China,-170.877947,-162.5870899,-54.81661139,-144.9616763,-217.1039495,Unknown
Oh43,73,W8 X Oh40B,Ames 19288,"United States, Ohio",-268.6558665,-270.8680828,33.91058074,-161.9707508,-878.0503979,Non Stiff Stalk
PHG47,73,PH041 X MKSDTE,PI 601318,"Pioneer Hi-Bred International, Inc.",-246.9486645,-131.8977735,7.922021843,-88.20903493,-387.8939771,Non Stiff Stalk
PHGW7,73,PHR25 X PHR64,PI 559940,"Pioneer Hi-Bred International, Inc.",-283.3577339,809.4372668,136.0371665,-12.73759011,46.56529065,Iodent
PHK74,73,PHFA0 X PHG72,PI 559942,"Pioneer Hi-Bred International, Inc.",-271.8520456,566.877044,30.10374552,-17.15823481,22.07549469,Iodent
PHN11,73,PH806 X PH207(2),PI 601497,"Pioneer Hi-Bred International, Inc.",-391.6715069,846.4483252,125.4086571,16.29676341,39.79755205,Iodent
PHTM9,73,PHG47 X PHG36,PI 559951,"Pioneer Hi-Bred International, Inc.",-184.8469431,-103.4626912,-53.43919805,-120.8975308,-188.0976469,Non Stiff Stalk
PHV37,73,G27 X G21,PI 601789,"Pioneer Hi-Bred International, Inc.",188.3550353,-56.79579041,-128.091458,192.3965694,-44.31354833,Stiff Stalk
PHVA9,73,PHK29 X PHGP8,PI 559953,"Pioneer Hi-Bred International, Inc.",202.8258213,-22.93271678,64.13955391,5.620494303,-173.8721738,Stiff Stalk
PHW20,73,1D11 X 1M12 X B76,PI 601791,"Pioneer Hi-Bred International, Inc.",-68.52723982,-71.52864286,-131.648628,-21.07046685,63.61771707,Mixed
PHW86,73,PHG71 X PHG72,PI 543850,"Pioneer Hi-Bred International, Inc.",-128.2198378,649.5587642,-118.1498978,143.6202792,-15.63769145,Iodent
W117Ht,73,643 X Minnesota #13,Ames 8399,"United States, University of Wisconsin",-137.9318833,-108.6658754,-89.55988551,-112.4524239,106.4914086,Non Stiff Stalk
W182E,73,WD X W22,NSL 30074,"United States, University of Wisconsin",-148.4712983,-136.4350171,-156.168736,-194.3367643,80.68407223,Non Stiff Stalk
793,74,235 X B73,PI 601492,"Novartis Seeds, Inc.",711.2068127,49.10992953,130.6280661,38.75182421,-5.416265701,Stiff Stalk
912,74,Pioneer 3737,PI 557557,"Novartis Seeds, Inc.",-336.3140019,469.7791601,88.30946259,-23.00400839,-165.402568,Iodent
29MIBZ2,74,B87 X PH3901(2),PI 548830,DEKALB Plant Genetics,-385.2927563,774.4372037,79.16272631,10.99219117,35.63064523,Iodent
A334,74,Golden King (McArthur),Ames 23423,"United States, Minnesota",-116.8875695,-97.46533151,-105.8970912,-112.9240193,91.50119539,Unknown
A340,74,4_29 X 64 ,Ames 23424,"United States, Minnesota",-136.6667216,-152.433871,-98.24466591,-161.7753363,95.06467425,Mixed
A548,74,(A375 X Pioneer Long Ear) X A375,Ames 23449,"United States, Minnesota",-110.0179018,-132.4244891,-167.0868697,-193.5380944,42.37182112,Non Stiff Stalk
A556,74,B164_886 X  A237,Ames 23450,"United States, Minnesota",NA,NA,NA,NA,NA,Non Stiff Stalk
A679,74,A662 X B73(4),PI 587142,"United States, Minnesota",612.99409,30.34186936,367.231535,-194.5175927,43.63125448,Stiff Stalk
CH711-10,74,Pioneer 3773,Ames 27018,Canada,-251.1584868,-241.497017,122.8729417,164.0934613,88.98063075,Unknown
CH753-4,74,A635 X A636,Ames 27021,Canada,425.0237897,44.49192159,-484.925385,400.4537785,-47.36960572,Stiff Stalk
CS405,74,B73 X K81,PI 559916,"United AgriSeeds, Inc.",430.8369751,21.94005738,201.8658313,-135.6195183,9.383771096,Mixed
IBB14,74,P3710 X P3732,PI 601565,DEKALB Plant Genetics,-96.63199556,514.9501303,59.25348234,67.15521148,-42.72179999,Iodent
IBB15,74,J6(2) X W70884,PI 601458,DEKALB Plant Genetics,-405.2127554,971.6366731,122.2983625,28.10468756,51.88063023,Iodent
L 127,74,P3901 X W117,PI 601726,Lifaco Seed Corporation,-362.0664758,770.9779147,71.65849182,-0.109307183,69.17162793,Iodent
LH149,74,A662 X B73(2),PI 601493,"Holden's Foundation Seeds, Inc.",611.1296594,10.66104843,332.7085526,-170.1328374,35.00150467,Stiff Stalk
LH166,74,LH82 X LH124,PI 564539,"Holden's Foundation Seeds, Inc.",-226.3030099,180.020865,84.80618144,39.94573276,-199.6312078,Non Stiff Stalk
LH172,74,LH82 X LH122,PI 562379,"Holden's Foundation Seeds, Inc.",-225.4101597,14.56081079,35.50323477,6.555035897,-173.5907711,Mixed
LH222,74,CM174 X LHLH74(3),PI 559375,"Holden's Foundation Seeds, Inc.",596.2301682,51.48832256,-88.07290176,152.4597048,-16.31908473,Stiff Stalk
Lp215D,74,Mo17 X Lp216D (Lp216D is a proprietary inbred line of ORSEM and originated by selfing within a Yugoslavian hybrid.),PI 547107,Lot-et-Garonne France,-316.4348382,-329.3374103,302.8108661,287.481547,-242.1929623,Non Stiff Stalk
MS72,74,W10 X MS206,Ames 24713,"United States, Michigan",-116.5742968,-114.4243919,-118.8918134,-155.6427459,80.16739672,Unknown
ND247,74,W755 X W771,PI 550503,"United States, North Dakota",-122.9618093,-116.5985597,-135.9770046,-122.3571993,73.19391409,Non Stiff Stalk
NK778,74,W117 / B73Ht,NA,NA,NA,NA,NA,NA,NA,Non Stiff Stalk
NK807,74,W117 X B37Ht,PI 601430,Northrup King Company,55.98996362,-54.7697761,-6.535165228,-127.1728369,-7.400588889,Stiff Stalk
PHG71,74,A632Ht X 207,PI 601150,"Pioneer Hi-Bred International, Inc.",111.1019837,481.1654722,-275.0312505,285.3079792,-41.68719484,Stiff Stalk
W153R,74,Rec. I.153,PI 587154,"United States, University of Wisconsin",-185.049,-111.6310073,-72.36944,-148.6342218,-108.5750888,Non Stiff Stalk
W552,74,W153R(2) X San Geronimo,PI 520770,"United States, University of Wisconsin",-180.5921484,-148.9929862,-40.68454181,-85.51396755,-78.31280625,Mixed
W64A,74,Wf9 X C.I.187_2,PI 587152,"United States, University of Wisconsin",-172.2810245,-117.7191624,34.97949006,-18.35595805,64.10653274,Non Stiff Stalk
790,75,235 X B73,PI 601491,"Novartis Seeds, Inc.",607.3251357,42.33244954,95.5070754,19.05621927,16.51917147,Stiff Stalk
A208,75,(C11 X C23) X C11(2),Ames 23402,"United States, Minnesota",-115.8117204,-137.2938202,-119.8371311,-140.7746862,55.87186231,Non Stiff Stalk
CR 22 INBRED,75,NA,PI 267165,Former Soviet Union,-132.1765197,-103.1217192,-122.6301055,-148.657853,102.2601782,Unknown
EAST 028,75,NA,Ames 2330,China,-145.4092604,-125.0511435,-141.9565263,-153.8356609,95.8806715,Mixed
FBLA,75,1094-H (B14 and Mt42 background)  X A656 (B14 and Mt42 background,PI 546482,DEKALB Plant Genetics,314.5734509,28.30188008,-370.4558459,289.3339066,-52.62577032,Stiff Stalk
IBC2,75,J6(2) X Mo17Ht,PI 601459,DEKALB Plant Genetics,-409.9624152,772.0696908,184.9900774,117.8144078,95.01895552,Non Stiff Stalk
ICI 193,75,BAAJ X CB59G X P3732,PI 559380,Advanta Technology Limited,159.5933503,259.8953645,-283.5102182,239.8983308,-39.05627243,Mixed
ICI581,75,LH39 x LH58,NA,NA,-296.7281896,-237.2245593,176.9784566,69.86513359,-526.9223527,Non Stiff Stalk
L 139,75,P3901 X P3780,PI 601728,Lifaco Seed Corporation,-357.5298114,326.3602295,97.91758088,-48.77619118,-414.6060793,Non Stiff Stalk
LH202,75,A662 X B73 (3),PI 539924,"Holden's Foundation Seeds, Inc.",726.2108893,39.6328171,415.9092075,-181.5915171,36.56321208,Stiff Stalk
LH295,75,NA,NA,NA,NA,NA,NA,NA,NA,Stiff Stalk
LH61,75,Mo17(3) X ASA,PI 601416,"Holden's Foundation Seeds, Inc.",NA,NA,NA,NA,NA,Non Stiff Stalk
LIBC 4,75,hybrid 3901,PI 555650,DEKALB Plant Genetics,-357.2199636,533.3658944,87.65112174,17.21995734,-75.03127664,Iodent
LP5,75,Yugoslavion_GLAMOS X B73Ht(2),PI 601378,Claeys Semences,620.1150989,22.0944307,363.404455,-180.0314537,35.05681837,Stiff Stalk
MS225,75,Broadbase sel. for European corn borer,Ames 24750,"United States, Michigan",-140.6765407,-167.6441937,-63.84312216,-131.8714854,-158.8947505,Unknown
N197,75,Mo17(2) X early Krug line,Ames 22755,"United States, Nebraska",-355.046702,-379.7701812,439.3295476,569.6836931,290.466668,Non Stiff Stalk
OS602,75,3901 X CM105,PI 559921,"United AgriSeeds, Inc.",-105.2992717,602.6117126,-151.3505148,182.0112465,-23.46589247,Iodent
PHG72,75,PH891 X PH207,PI 601319,"Pioneer Hi-Bred International, Inc.",-128.4098559,646.8247567,-88.25099583,141.6685027,-37.71535818,Iodent
PHH93,75,PH806 X PH207,PI 601567,"Pioneer Hi-Bred International, Inc.",-379.4445933,837.1911483,103.4337249,16.01041738,40.01113726,Iodent
PHJ89,75,PHT77 X PHG47,PI 548798,"Pioneer Hi-Bred International, Inc.",-241.3358429,-175.501891,32.70297328,-48.38931917,-383.0959344,Non Stiff Stalk
PHJR5,75,PHR73 X PHT10,PI 565106,"Pioneer Hi-Bred International, Inc.",378.6047135,-21.22970165,109.2848509,-32.65263529,-71.40283239,Stiff Stalk
PHKE6,75,PHG29 X PHG47,PI 565107,"Pioneer Hi-Bred International, Inc.",-341.7191132,456.5953131,97.70512324,-28.60488858,-170.481989,Iodent
PHP02,75,PHG44 X PHG29,PI 601570,"Pioneer Hi-Bred International, Inc.",-352.0527692,871.2556509,85.20320623,54.35108235,27.66053353,Iodent
PHP55,75,G44 X PHG29,PI 601784,"Pioneer Hi-Bred International, Inc.",-291.9476066,810.8968581,50.74239867,69.06294469,27.00802706,Iodent
PHP76,75,G50 X PHEJ8,PI 543846,"Pioneer Hi-Bred International, Inc.",-314.9163191,541.4946721,46.04938031,-7.883540679,-8.286676986,Iodent
PHR30,75,PHFM5 X PHG47,NA,NA,NA,NA,NA,NA,NA,Unknown
PHT69,75,PHR73 X PHJ40,PI 559949,"Pioneer Hi-Bred International, Inc.",72.44888242,-96.27897374,16.49766237,110.4562634,-44.32360915,Stiff Stalk
PHV57,75,G50 X PHG72,PI 565111,"Pioneer Hi-Bred International, Inc.",-288.5162417,749.6292541,62.14809449,39.30896695,3.870093898,Iodent
PHW03,75,P801 X G48,PI 601790,"Pioneer Hi-Bred International, Inc.",-59.56506974,-104.3060733,-54.36261258,-134.847888,33.69559243,Mixed
W613S,75,NA,NA,NA,NA,NA,NA,NA,NA,Non Stiff Stalk
ZS635,75,Pioneer 3713 X Pioneer 3358 ,PI 574394,Advanta Technology Limited,383.279701,117.3032842,-12.45285093,150.1388626,-45.45319356,Stiff Stalk
764,76,235 X B73,PI 601374,"Novartis Seeds, Inc.",617.5481508,32.11438489,64.80869061,41.03464913,13.30604822,Stiff Stalk
1538,76,Pioneer 3901 X AS3,PI 601658,"United AgriSeeds, Inc.",-30.39196231,432.2961002,-213.2754566,218.2150721,-116.5250226,Iodent
3IJI1,76,IBI8 X Pioneer 3603,PI 564753,DEKALB Plant Genetics,-377.5665686,786.7712539,91.67433852,-28.92444564,55.5370353,Iodent
A374,76,Reid Yellow Dent (selected from Holbert a line self ~S8),Ames 23427,"United States, Minnesota",-110.2413238,-122.316733,-158.5243862,-209.1006125,99.50527634,Non Stiff Stalk
A427,76,CC36 X A405 ,Ames 23435,"United States, Minnesota",-113.21796,-26.51591044,-36.78985667,-120.8746725,152.5171994,Unknown
A649,76,V3 X A321(2),Ames 23482,"United States, Minnesota",-137.0253508,-127.2668077,-142.6234034,-209.6983512,80.86737014,Non Stiff Stalk
A672,76,PI172326 X A632(3),Ames 23496,"United States, Minnesota",382.4448728,28.01966121,-551.6649174,441.0443406,-46.06370706,Stiff Stalk
A682,76,AS_D X Mo17(3),PI 587143,"United States, Minnesota",-296.8321946,-339.7325349,317.059271,469.1961682,171.8893557,Non Stiff Stalk
A73,76,G3 X AR9,Ames 22439,"United States, Minnesota",-123.1764793,-136.193466,-166.3922804,-242.344042,123.1799389,Non Stiff Stalk
B85,76,BSCB6(S)C3,PI 608777,"United States, Iowa",-151.5791514,-145.7225253,-27.1817138,-106.6375336,-46.45137548,Unknown
B87,76,BS22 tested as BS22CO-148-1-1-2.,PI 608768,"United States, Iowa",-138.4314699,-161.3124532,-51.92734692,-47.14259658,-24.74096025,Unknown
CH157,76,CH157,Ames 22441,"Canada, Ontario",-97.45081736,-102.1766879,-110.5537063,-126.8248814,82.49573332,Mixed
CR14,76,from a synthetic population with the background of B73Ht(2) X CM105 X CQ187,PI 601683,The J.C. Robinson Seed Company,567.5342972,17.06199589,-7.087896578,67.90278304,19.11706312,Stiff Stalk
DK4676A,76,1067-1x (B-line Composite),PI 601300,DEKALB Plant Genetics,208.0326533,-25.04953458,-191.331783,97.49603923,-79.79010251,Unknown
DK78002A,76,B73 X A634 (Mt42 X B14 BC3),PI 601301,DEKALB Plant Genetics,655.0752964,48.60634043,29.09487049,94.6506453,-0.372881272,Stiff Stalk
DKFBHJ,76,FBAB(B14 X LH43) X B84(BS13),PI 601439,DEKALB Plant Genetics,289.9390408,16.57680851,-303.983462,206.0563391,-36.54230877,Stiff Stalk
DKMBNA,76,Mo17-H (187-2 X C103/Ht) X MDA-28 (BPA X E00M Comp),PI 601209,DEKALB Plant Genetics,-339.6104253,-335.7228205,392.1441811,461.0600151,132.1995279,Non Stiff Stalk
G80,76,495/331)X4X1111,NA,NA,NA,NA,NA,NA,NA,Unknown
H99,76,Illinois Syn. 60C,PI 587129,"United States, Indiana",-186.0910531,-158.0737246,-13.22106823,-115.7631863,-129.9871654,Unknown
I29,76,Unknown White Pearl Popcorn,Ames 27115,"United States, Indiana",-119.4961669,-141.911822,-108.09956,-166.6103457,161.555035,Popcorn
L 155,76,P3901 X A632,PI 550695,Limagrain Genetics Corp.,-225.2711874,771.5766359,-42.21293104,133.7486172,33.83999797,Iodent
LH145,76,A632Ht X CM105,PI 600959,"Holden's Foundation Seeds, Inc.",360.0859663,29.16562899,-549.7644574,407.7055054,-54.2680309,Stiff Stalk
LH184,76,LH51(2) X LH123,PI 564542,"Holden's Foundation Seeds, Inc.",-238.3506748,-230.1891913,129.6770324,201.0234596,46.19620066,Mixed
LH206,76,CB59G X LH1 X B73,PI 538010,"Holden's Foundation Seeds, Inc.",629.6047479,101.5423223,95.32020673,55.71688088,-40.85617657,Stiff Stalk
CR1HT,71,W117Ht X Mo17Ht,PI 601080,The J.C. Robinson Seed Company,NA,NA,NA,NA,NA,Non Stiff Stalk
LH223,76,CB59G X CM105,PI 562380,"Holden's Foundation Seeds, Inc.",391.2232383,32.95783464,-518.6505388,395.0889675,-38.9178139,Stiff Stalk
LH38,76,A619 X L120,PI 600791,"Holden's Foundation Seeds, Inc.",-298.4806801,-206.6043325,50.51650921,-148.9032698,-883.1615259,Non Stiff Stalk
LH54,76,Mo17(3) X Holden line 610 (610 = W153R type),PI 601316,"Holden's Foundation Seeds, Inc.",-355.0089616,-367.0919634,403.7506545,530.6878323,193.2627045,Non Stiff Stalk
LH82,76,Holden line 610 (610 = W153R type) X LH7,PI 601170,"Holden's Foundation Seeds, Inc.",-218.5859456,187.5614465,9.985735143,-55.00671194,89.5216093,Unknown
MEF156-55-2,76,NA,Ames 27135,"United States, North Carolina",-154.8529479,-138.6770634,-67.26888389,-150.3473605,108.4328587,Mixed
ML606,76,(H99 X Va26) X H99,PI 583774,"United AgriSeeds, Inc.",-256.6487213,-195.5089377,43.37130116,-137.6875015,-696.5074647,Non Stiff Stalk
MQ305,76,Pioneer3901 X CB59G,PI 559917,"United AgriSeeds, Inc.",-117.1192043,594.180204,-162.3076304,175.4735747,15.1126755,Iodent
MS153,76,Iowa Stiff Stalk Synthetic,Ames 24734,"United States, Michigan",-153.0806229,-129.204088,-77.096626,-156.857192,15.80023577,Mixed
MS200,76,MS24(2) X Illinois High Oi,Ames 24737,"United States, Michigan",-126.9657764,-103.0195518,-101.8243345,-151.9171388,65.42122639,Unknown
MS224,76,Broadbase sel. for European corn borer,Ames 24749,"United States, Michigan",-128.8711378,-159.5002124,-68.22838905,-138.2658104,-200.7489197,Unknown
N192,76,S5 line selected from (CM105/B73)F2,PI 550566,"United States, Nebraska",687.5969451,50.02255114,126.976607,36.48324167,-2.887128959,Stiff Stalk
NS501,76,A634 X K1,PI 601583,"United AgriSeeds, Inc.",-21.5982946,545.7319642,-188.25754,235.8750386,-40.74443694,Mixed
Oh40B,76,Eight line composite of Lancaster Surecrop lines.,NSL 28966,"United States, Ohio",-222.147993,-242.6660661,20.29514708,-116.0485393,-493.2776235,Non Stiff Stalk
OQ603,76,Hybrid Pioneer 3713,PI 601584,"United AgriSeeds, Inc.",-202.079254,598.1881748,102.8410959,104.2527939,20.60650906,Iodent
PHBW8,76,PHJ40 X PHW52,PI 559936,"Pioneer Hi-Bred International, Inc.",186.9090432,-86.9806238,101.2470179,111.9567871,-68.81552536,Stiff Stalk
PHG29,76,PH806 X PH207(2),PI 601270,"Pioneer Hi-Bred International, Inc.",-404.0944236,909.9271183,134.3406094,24.34150868,38.70588097,Iodent
PHG50,76,PH848 X PH207,PI 601006,"Pioneer Hi-Bred International, Inc.",-369.5599864,694.8718007,72.22704412,-33.81101241,76.07999088,Iodent
PHK42,76,207 X (207 X 806),PI 601495,"Pioneer Hi-Bred International, Inc.",-392.508896,862.8121353,106.3190162,4.115569937,31.20426558,Iodent
Q381,76,PH3396,NA,NA,NA,NA,NA,NA,NA,Non Stiff Stalk
SD102,76,Pioneer 3710 selection backcrossed for 10 generations,PI 533659,"United States, South Dakota",-124.6419733,346.0529994,54.95853239,-64.44435585,-152.1011409,Iodent
W603S,76,Wisconsin_Quality_Synthetic_C1 (WQS),Ames 30555,"United States, University of Wisconsin",-234.5863071,-258.6470749,135.3165741,170.6418339,-1.24067272,Non Stiff Stalk
WR3,76,Osterland Yellow Dent,NSL 30066,"United States, Wisconsin",-113.5430622,-103.7031707,-107.4506725,-148.5873687,109.4040675,Mixed
CH9,77,Funk=s G176,Ames 27068,"Canada, Harrow",NA,NA,NA,NA,NA,Unknown
LH119,77,B73 (2) X H93,PI 600954,"Holden's Foundation Seeds, Inc.",NA,NA,NA,NA,NA,Stiff Stalk
W614S,77,NA,NA,NA,NA,NA,NA,NA,NA,Non Stiff Stalk
2FACC,78,4676A X PB80,PI 601808,DEKALB Plant Genetics,471.635545,12.68773874,170.1596,-65.78201464,-29.13864932,Stiff Stalk
4F-306 108,78,NA,PI 198897,Argentina,-127.7876032,-151.2565174,-96.29790169,-134.3124201,123.0909604,Unknown
A258,78,A73 X Os420,NSL 81596,"United States, Minnesota",-109.4438977,-89.84255012,-145.6077313,-203.2641929,145.3385257,Non Stiff Stalk
A634,78,Mt42 X B14(4) ,Ames 19308,"United States, Minnesota",434.5073885,33.43903312,-514.5033882,443.5441701,-54.85845674,Stiff Stalk
A680,78,A662 X B73(4),Ames 23503,"United States, Minnesota",732.2042832,50.33557112,425.6143778,-183.6712424,29.93462223,Stiff Stalk
A71,78,Funk Yellow Dent,NSL 42875,"United States, Minnesota",-102.2800834,-91.06040959,-112.5737226,-181.9268802,117.4441806,Unknown
B-18 INBR.FR.SUPERGOLD,78,Supergold X Unknown,PI 340855,"United States, Iowa",-139.1621605,-125.4394973,-111.9677729,-219.328263,166.2334763,Popcorn
B103,78,CIMMYT Pool 41-C15-9-1-1-1-1-1-1-1-1,NA,"United States, Iowa",NA,NA,NA,NA,NA,Non Stiff Stalk
B76,78,(CI31A/B37)F2//B37,PI 550483,"United States, Iowa",-140.0198591,-166.0208243,-68.83833929,-135.1318772,-171.787559,Stiff Stalk
B91,78,BSCB1(R)C8,PI 527700,"United States, Iowa",NA,NA,NA,NA,NA,Non Stiff Stalk
BEI 10 = NORTH 10,78,NA,Ames 2332,China,-155.3391414,-108.7209952,-90.09479194,-122.8052665,3.24128853,Unknown
BO9,78,NA,NA,NA,NA,NA,NA,NA,NA,Unknown
C123,78,C102 X C103,Ames 19313,"United States, Connecticut",-251.0254932,-268.4015854,108.3188257,149.4122684,111.7393915,Non Stiff Stalk
CI 40H,78,NA,Ames 26128,"United States, Missouri",-99.97658971,-70.32863986,-110.0454035,-150.2731797,126.6275981,Unknown
DK3IIH6,78,Pioneer 3737,PI 564754,DEKALB Plant Genetics,NA,NA,NA,NA,NA,Iodent
DKFAPW,78,B14AHt / B37Ht,NA,NA,NA,NA,NA,NA,NA,Stiff Stalk
DKPB80,78,10670-1 X B73 X B73Ht,PI 601441,DEKALB Plant Genetics,715.0911344,49.12140989,324.7334871,-117.4512291,27.61619187,Stiff Stalk
Eng-Li Chih,78,NA,PI 427109,China,-134.2528359,-109.9093809,-93.06057405,-129.0360413,119.0964433,Unknown
ICI 441,78,P3377 X LH132,PI 559381,Advanta Technology Limited,615.5108343,69.02626388,449.4613317,-176.0733029,-11.17970334,Stiff Stalk
INBRED 2-687,78,NA,PI 186215,Argentina,NA,NA,NA,NA,NA,Tropical 
LH132,78,B73 (2) X H93,PI 601004,"Holden's Foundation Seeds, Inc.",766.1132596,59.69206719,433.2733163,-174.2162731,-31.44916692,Stiff Stalk
LH143 (Maintainer),78,A635Ht X A632Ht (2),PI 685986,"Holden's Foundation Seeds, Inc.",457.0318325,41.52248358,-587.8401449,499.8391061,-51.44584495,Stiff Stalk
LH165,78,LH82 X LH51,PI 562378,"Holden's Foundation Seeds, Inc.",-313.4867292,-9.940323586,234.3910579,263.5181456,137.2648072,Non Stiff Stalk
LH198,78,LH132(2) X B84,PI 557563,"Holden's Foundation Seeds, Inc.",718.6202653,50.96715065,296.899317,-104.3552158,1.87412964,Stiff Stalk
LH209,78,LH74 X LH119,PI 554612,"Holden's Foundation Seeds, Inc.",753.3321696,67.40342066,220.8773374,-11.77716369,-9.06414365,Stiff Stalk
LH57,78,(Mo17 X H99) X LH53,PI 601317,"Holden's Foundation Seeds, Inc.",-348.3390554,-352.8466143,402.3062984,460.5608702,100.727597,Non Stiff Stalk
MS1334,78,Golden Glow(2) X Maize Amargo,Ames 24752,"United States, Michigan",-138.7797867,-124.6014077,-96.10566071,-145.1568936,124.5340073,Mixed
MS71,78,A619 X R168,Ames 24712,"United States, Michigan",-112.6295795,-112.4513213,-151.9654957,-190.1325604,130.4730523,Non Stiff Stalk
N193,78,"S5 lines selfed from a plant in NK(B)RF(2), an improved version of Krug",PI 550567,"United States, Nebraska",-125.0291011,-111.2737464,-28.4362061,-85.23212888,40.07396461,Non Stiff Stalk
NC262,78,TZ,PI 531085,"United States, North Carolina",-226.8467983,-236.826007,83.08904132,85.69133974,155.1970126,Popcorn
NQ508,78,Pioneer 3713,PI 559918,"United AgriSeeds, Inc.",-138.7452039,549.9229769,79.99579588,96.32603466,-35.54393725,Iodent
NY 159 (Neveh Yaar),78,NA,PI 200182,Israel,-123.849564,-115.5872412,-95.54275224,-101.3481155,109.62671,Mixed
Ny821,78,Pa. Disease Resistance Synthetic.,PI 674722,"United States, Wisconsin",-212.3001892,-220.3967526,27.99587672,13.01615099,-63.76169811,Unknown
Pa405,78,NY3 X Pa54,Ames 22757,"United States, Pennsylvania",-116.746052,-135.8884144,-132.3173878,-190.7851839,65.11635604,Mixed
PHB47,78,SD105 X B37(3),PI 601009,"Pioneer Hi-Bred International, Inc.",149.1976207,-22.11935268,33.66125566,-137.3652366,-80.28084153,Stiff Stalk
PHBA6,78,PHZ51 X PHG47,PI 559935,"Pioneer Hi-Bred International, Inc.",-248.9997517,-145.8906657,29.35796393,-19.47572746,-148.5209899,Non Stiff Stalk
PHHV4,78,PHG69 X PHM44,NA,NA,NA,NA,NA,NA,NA,Unknown
PHJ90,78,G50 X PHK42,PI 548799,"Pioneer Hi-Bred International, Inc.",NA,NA,NA,NA,NA,Iodent
PHN66,78,PHG53 X PHG21,PI 548802,"Pioneer Hi-Bred International, Inc.",256.5063389,-41.1814298,-213.664438,300.1466123,-44.72676949,Stiff Stalk
PHN82,78,PHG29 X HD38,PI 601783,"Pioneer Hi-Bred International, Inc.",-354.5915093,681.7984614,159.452019,37.37350403,46.47610204,Iodent
PHR63,78,PHG29 X B89,PI 601787,"Pioneer Hi-Bred International, Inc.",NA,NA,NA,NA,NA,Iodent
PHW17,78,PHID11 X PH051 X B73(3),PI 601362,"Pioneer Hi-Bred International, Inc.",509.6253608,12.85222057,169.6856407,-102.9954423,37.89509267,Stiff Stalk
PHW30,78,PHG42 X PHV15,PI 548808,"Pioneer Hi-Bred International, Inc.",-317.4023417,332.4052648,109.2214425,-1.332188286,-100.1967442,Mixed
PHW80,78,PHK76 X PHN37,PI 565113,"Pioneer Hi-Bred International, Inc.",-258.6597576,-241.5355064,101.1329841,150.6447199,-290.551682,Non Stiff Stalk
SD101,78,CM65 X SD37 related line ,PI 533658,"United States, South Dakota",37.39422848,73.53193966,97.61801005,-56.78882719,37.20313875,Stiff Stalk
SD44,78,SDp309 X SD30,PI 524969,"United States, South Dakota",-177.4079767,37.43873165,-35.07747269,-130.1295094,-26.65642794,Mixed
W602S,78,Wisconsin_Quality_Synthetic_C1 (WQS),Ames 30554,"United States, University of Wisconsin",-175.4245079,-200.1320347,134.7874426,176.4263961,81.29507168,Mixed
W604S,78,Wisconsin_Quality_Synthetic_C1 (WQS),Ames 30556,"United States, University of Wisconsin",-195.0987408,-256.0563878,154.7013321,208.8170523,41.84586446,Non Stiff Stalk
W605S,78,"AR17026:N1019, a GEM breeding cross",Ames 30557,"United States, University of Wisconsin",-282.8988628,-282.2531967,211.070343,213.083847,-6.065276971,Non Stiff Stalk
W612S,78,Wisconsin_Quality_Synthetic_C2 (WQS),NA,NA,NA,NA,NA,NA,NA,Non Stiff Stalk
W8304,78,B14A X  B73(2),PI 601502,"Novartis Seeds, Inc.",640.5826421,24.00657696,316.1847293,-65.90889262,43.84332672,Stiff Stalk
DJ7,79,B73 X BS16_Synthetic,PI 601191,"Edward J. Funk & Sons, Inc.",796.389085,57.19900036,452.5908925,-177.5854462,36.75097723,Stiff Stalk
792,80,235 X B73,NA,NA,559.8984129,46.70120729,-12.07277117,101.7140386,8.983483505,Stiff Stalk
2369,80,2702H X B73(2),PI 601559,"Cargill, Inc.",597.6525844,2.165479987,391.9348969,-167.9824235,17.92010934,Stiff Stalk
4226,80,Funk 90 Day,NSL 30904,"United States, Illinois",-131.8749206,-96.85248476,-100.8395046,-139.8741085,150.3959666,Unknown
78010,80,B73 X A634(Mt42 X B14 BC3),PI 601211,DEKALB Plant Genetics,NA,NA,NA,NA,NA,Stiff Stalk
2FADB,80,4676A X PB80,PI 564751,DEKALB Plant Genetics,473.0602997,16.57193546,153.6183019,-49.1549888,-28.72947841,Stiff Stalk
2MA22,80,4780 (A2F X MDF-13A)  X 5P9-1 (A295 X 3J3),PI 601560,DEKALB Plant Genetics,-183.5728581,-140.664145,-7.087407104,-80.89451041,-137.3922858,Non Stiff Stalk
6F629,80,88051B X 4608H,PI 546483,DEKALB Plant Genetics,367.4965074,15.10318017,8.874512017,-4.443335973,-27.43189618,Stiff Stalk
A239,80,A73 X A347,Ames 23405,"United States, Minnesota",-122.2352001,-112.7492833,-158.8750811,-222.3715515,98.03428425,Non Stiff Stalk
A272,80,Yellow Boesman,NA,NA,NA,NA,NA,NA,NA,Tropical 
A401,80,A347 X K230,Ames 23430,"United States, Minnesota",-113.8316225,-117.5910626,-132.1051056,-158.5272693,104.6812868,Non Stiff Stalk
A627,80,A392 X R61,Ames 23463,"United States, Minnesota",-118.5789013,-88.1743298,-111.3562753,-162.6363014,33.2189683,Non Stiff Stalk
A632,80,Mt42 X B14(4),PI 587140,"United States, Minnesota",463.948323,57.35794589,-622.5325119,516.0590773,-57.31104819,Stiff Stalk
A635,80,ND302 X B14(3),Ames 19309,"United States, Minnesota",464.9907844,44.78400066,-518.3830121,436.9841322,-45.6411075,Stiff Stalk
A648,80,Minnesota Syn. 3,NSL81597,"United States, Minnesota",-133.8601811,-154.9638936,-90.78590903,-203.1217778,-29.06463675,Non Stiff Stalk
A659,80,Minnesota Syn. 3,NSL 81599,"United States, Minnesota",-112.0873233,-132.3967086,-158.4314884,-171.7822782,1.345203317,Non Stiff Stalk
A663,80,A427(3)X Cuzco Blanco,PI 607523,"United States, Minnesota",-127.4599553,-36.56121795,-49.93243616,-125.2751348,161.9356619,Unknown
AS6103,80,AS10631 X A632 X RB14AHtA X RB14AHtB,PI 601159,Asgrow seed company,463.9349133,41.60795026,-532.1884848,433.8287471,-66.687773,Stiff Stalk
B-28,80,Yellow Pearl' crossed to an unnamed variety,PI 340860,"United States, Iowa",-151.9054233,-117.7655927,-102.1457631,-178.6668136,159.92834,Popcorn
B107,80,CIMMYT Pool 41-C15,PI 597925,"United States, Iowa",-237.7672287,580.6454621,115.9027061,64.7564103,-11.48952624,Mixed
B114,80,CIMMYT Pool 41-C15,PI 607384,"United States, Iowa",NA,NA,NA,NA,NA,Mixed
B115,80,BS11(FR)C9,PI 615190,"United States, Iowa",-146.2572639,-126.7198912,-82.98513364,-109.5813672,89.84589204,Unknown
C103,80,Lancaster Surecrop,Ames 19284,"United States, Connecticut",-335.4602736,-363.6305026,283.683835,378.0085664,127.8004283,Non Stiff Stalk
DE4,80,DKXL212 X N11a,PI 638552,"United States, Delaware",-138.9906299,-148.4405152,54.15733508,76.48131722,-153.0463689,Mixed
DK78010,80,B73 X A634(Mt42 X B14 BC3),PI 601211,DEKALB Plant Genetics,665.7639705,60.50892964,-51.297641,161.6614984,-18.809309,Stiff Stalk
DKIB014,80,H99 X PH3901(2),PI 601208,DEKALB Plant Genetics,-376.5058492,604.1569873,103.1993798,-5.871004865,-100.6430997,Iodent
H42,80,CI187-2 / 2* M14,NA,NA,NA,NA,NA,NA,NA,Unknown
ICI 740,80,P3377 X LH132,PI 559382,Advanta Technology Limited,628.2602542,67.14088926,443.7534813,-174.3652508,-11.82904238,Stiff Stalk
ICI 893,80,PA91 X B73(2),PI 559383,Advanta Technology Limited,479.2075987,51.01439107,343.0985155,-165.973519,-94.28196039,Stiff Stalk
ICI 986,80,Pioneer brand 3540,PI 559384,Zeneca Ltd,-116.1324841,536.2727561,-33.1757495,102.3391554,19.02047117,Iodent
LH127,80,LH122 X LH58,PI 538007,"Holden's Foundation Seeds, Inc.",-253.6307795,-281.9778565,239.0213671,339.7133567,-252.3105637,Non Stiff Stalk
LH74,80,A632 X B73,PI 600957,"Holden's Foundation Seeds, Inc.",710.5841923,69.3328864,-38.75664551,193.9450186,-23.86171258,Stiff Stalk
LH93,80,BS11,PI 601171,"Holden's Foundation Seeds, Inc.",NA,NA,NA,NA,NA,Unknown
Mo17,80,C.I.187_2 X C103,PI 558532,"United States, Missouri",-405.5761493,-427.0493381,557.7231501,704.6218405,313.2238462,Non Stiff Stalk
Mo47,80,Race Candela (collection ECU 344 from Ecuador) among about 600 collections crossed to a D2 1 tester,PI 583352,"United States, Missouri",-55.13460791,-63.78303441,-32.64894034,-37.50210561,52.51448211,Unknown
MS132,80,BSSS,Ames 24730,"United States, Michigan",-119.2410836,-50.28951484,-151.3554008,-52.52557233,21.5091022,Mixed
MS211,80,Pickett O.P.,Ames 24742,"United States, Michigan",-123.3830483,-106.2885193,-114.0197991,-106.9486416,77.76157211,Non Stiff Stalk
MS226,80,NA,Ames 24751,"United States, Michigan",57.97649837,-8.540250844,-308.4292318,153.4410405,-86.29736954,Unknown
N201,80,N28/B73,PI 568160,"United States, Nebraska",755.480472,58.61743609,438.7755454,-170.0226664,33.69879486,Stiff Stalk
N6,80,Hays Golden,Ames 27137,"United States, North Carolina",-118.1025726,-95.24133688,-88.89442125,-143.5798315,100.7553634,Non Stiff Stalk
NC310,80,NC250 X B73,Ames 27151,"United States, North Carolina",694.1281088,57.79205418,402.8943462,-185.4888611,8.501513085,Stiff Stalk
OH33,80,Clarage,NSL 28965,"United States, Ohio",-133.4595911,-111.3221542,-117.4262669,-125.9038448,118.281563,Unknown
Os420,80,Osterland Yellow Dent,NSL 65874,"United States, Iowa",-96.79094998,-47.67067793,-105.7736077,-162.85596,130.1872783,Non Stiff Stalk
Pa392,80,Selection from PA Virus resistant early synthetic,PI 517968,"United States, Pennsylvania",-62.69132331,-102.4125531,-147.9048378,-135.0891641,76.41117064,Unknown
PHB09,80,555 X 031,PI 601007,"Pioneer Hi-Bred International, Inc.",211.7030457,-5.268443158,-20.27628011,39.48550048,-144.7904713,Stiff Stalk
PHG80,80,PH495 X PH331,PI 601037,"Pioneer Hi-Bred International, Inc.",148.5478483,-83.77448332,-17.34572234,198.4944135,-98.04547216,Stiff Stalk
PHG86,80,B64 X B73,PI 601442,"Pioneer Hi-Bred International, Inc.",NA,NA,NA,NA,NA,Stiff Stalk
PHK76,80,PHAD18 X PHB02,PI 601496,"Pioneer Hi-Bred International, Inc.",-269.2780934,-256.6196789,144.3423023,209.9782913,-207.3985489,Non Stiff Stalk
PHR36,80,PH203 X PH549(2) X PH848,PI 601361,"Pioneer Hi-Bred International, Inc.",-207.7137784,88.46165597,-13.59498182,-91.29374644,124.7682337,Iodent
R113,80,Stiff_Stalk_Synthetic,NSL 30883,"United States, Illinois",-119.662103,-121.9165104,-126.2082127,-152.7732108,12.70474564,Mixed
R181B,80,Snelling Corn Borer Synthetic,NSL 30896,"United States, Illinois",-114.553387,-49.85411723,-79.08312206,-128.1822724,10.9722377,Mixed
SD107,80,A634*10(yellow dent inbred) X SD316W(white dent),PI 538243,"United States, South Dakota",306.1077884,-4.849917823,-444.2840687,329.0813876,-9.053997416,Stiff Stalk
SD40,80,Pioneer Hybrid 3709,PI 606768,"United States, South Dakota",-179.3780229,605.3002562,98.12694948,85.55286561,-68.40117186,Mixed
Va52,80,Wf9 outcross,Ames 19014,"United States, Virginia",-238.4334244,-160.3090371,49.48125625,33.93204774,67.11646141,Mixed
Va99,80,Oh07B X Pa91,Ames 24989,"United States, Virginia",-89.10092047,-88.94109153,-140.2015042,-95.1953025,-145.1426783,Non Stiff Stalk
LH185,80,LH59 X LH123Ht,PI 576171,"Holden's Foundation Seeds, Inc.",-330.420048,-280.8585657,289.6480886,342.1821463,-205.8127068,Non Stiff Stalk
LH197,80,LH132 X B84,PI 557562,"Holden's Foundation Seeds, Inc.",629.6343155,46.64865744,268.425934,-115.9450291,-5.262653751,Stiff Stalk
LH199,80,Ê(LH117 X LHE137 ) X LH132,PI 557566,"Holden's Foundation Seeds, Inc.",643.4057134,73.36735415,396.9546772,-169.9343047,-26.82538439,Stiff Stalk
LH204,80,( CB59G X LH1 ) X B73,PI 537098,"Holden's Foundation Seeds, Inc.",581.2112286,139.6136155,227.7093467,-41.47162501,7.641285986,Stiff Stalk
LH227,80,(LH145 X LH146Ht) X LH119,NA,NA,NA,NA,NA,NA,NA,Stiff Stalk
LP1 NR HT,80,A632Ht,PI 600729,Pfister hybrid corn company,535.3306585,55.34561939,-596.177649,522.0266997,-76.19410434,Stiff Stalk
ND259,80,Selected from AS-D by selfing for 8 generations and selecting for desirable plant and ear traits.,PI 550571,"United States, North Dakota",-115.4722708,-98.74104378,-134.1007456,-136.9603371,99.50369178,Mixed
NS701,80,A632 X B73Ht,PI 601417,"United AgriSeeds, Inc.",697.3151696,52.52650914,157.4009353,2.117742848,7.789208261,Stiff Stalk
Pa875,80,Wf9,NA,NA,NA,NA,NA,NA,NA,Unknown
PHG83,80,814 X 207,PI 601229,"Pioneer Hi-Bred International, Inc.",NA,NA,NA,NA,NA,Iodent
PHHH9,80,PHJ29 x PHBT4,PI 565105,"Pioneer Hi-Bred International, Inc.",NA,NA,NA,NA,NA,Mixed
PHK35,80,AC34 X G93H,PI 601777,"Pioneer Hi-Bred International, Inc.",482.7717754,27.0055178,42.14101633,131.2375209,-91.88810482,Stiff Stalk
PHM10,80,G39 X P207,PI 601778,"Pioneer Hi-Bred International, Inc.",-169.2108305,695.8281851,17.03295418,104.5902871,20.852906,Iodent
PHN29,80,G69 x C40,NA,NA,NA,NA,NA,NA,NA,Mixed
PHR47,80,G39/PHB49)X3311X,NA,NA,NA,NA,NA,NA,NA,Mixed
PHW52,80,B73 X G39,PI 601575,"Pioneer Hi-Bred International, Inc.",499.0390134,15.89760619,44.25159411,64.08846554,-90.18784442,Stiff Stalk
R168,80,Illinois_Synthetic,Ames 19326,"United States, Illinois",-123.8367725,-115.4440499,-152.599615,-155.2880922,46.28375492,Non Stiff Stalk
S8326,80,W117 X Mo17(3),PI 601612,"Novartis Seeds, Inc.",-350.2546437,-358.8013122,444.8350409,557.0163379,271.0342499,Non Stiff Stalk
Seagull Seventeen,80,unknown  X Mo17,PI 600751,Rothermel seed company,-407.2867541,-427.5368534,556.8996098,707.3893787,315.2347264,Non Stiff Stalk
SG 30A,80,Supergold,NSL 75980,"United States, Indiana",-134.6095868,-126.0529674,-115.7441056,-217.3251578,177.8923967,Popcorn
TZU-CHIAO-HSI-WU 105,80,NA,PI 391678,"China, Shaanxi",-130.5025356,-135.948966,-83.39119559,-153.1905574,157.2585488,Unknown
W37A,80,Wisconsin_No_25_C2 X A374,NSL 30073,"United States, University of Wisconsin",-133.6734101,-108.8043418,-140.4529941,-202.523295,93.23747275,Non Stiff Stalk
W607S,80,CHO5015 / 2* unkown,NA,NA,NA,NA,NA,NA,NA,Non Stiff Stalk
W611S,80,Wisconsin_Quality_Synthetic_C2 (WQS),NA,NA,NA,NA,NA,NA,NA,Non Stiff Stalk
W811G,80,CHIS775 X unkown(2),Ames 30568,"United States, University of Wisconsin",500.3797254,0.463830164,192.7551297,-92.08004768,9.155216569,Stiff Stalk
W821G,80,SCRO1 X unkown(2),Ames 30578,"United States, University of Wisconsin",-241.3858782,-124.5367588,107.0917416,17.26368697,-308.4588377,Non Stiff Stalk
YONG 28,80,NA,Ames 2333,China,-130.8520962,-117.9223013,-81.67720537,-130.7856824,113.4714729,Unknown
ZS365,80,LH132 X LH117,NA,NA,NA,NA,NA,NA,NA,Stiff Stalk
DK78371A,81,4726 (H4106 X 4301) X  Iowa long ear,PI 601438,DEKALB Plant Genetics,-302.0074522,-306.0311821,157.0053648,73.51894342,-520.7125818,Non Stiff Stalk
W814G,81,DK212T X unkown(2),Ames 30571,"United States, University of Wisconsin",-53.98677745,-6.868950567,-106.9246737,18.64280605,2.294161678,Mixed
2MCDB,82,2MA22 X related to 4780,PI 565088,DEKALB Plant Genetics,-201.4205149,-149.6629984,11.04690862,-89.18104703,-224.3718352,Non Stiff Stalk
4N506,82,B73 X BSSS syn2,PI 601745,"Funk Seeds International, Inc.",NA,NA,NA,NA,NA,Stiff Stalk
78551S,82,78060A X LH38,PI 601562,DEKALB Plant Genetics,-318.0596771,-292.0662957,214.1429074,183.1770894,-369.4474054,Non Stiff Stalk
A321,82,Related to Ill.A,Ames 23421,"United States, Minnesota",-123.3707722,-112.0274146,-148.1060348,-254.397233,82.21798463,Non Stiff Stalk
A797NW,82,K64(4) X HtN,PI 406131,South Africa,-151.1295114,-162.2786291,-133.5788839,-222.4193247,85.72459515,Unknown
B109,82,BS20SC1 X  B73(2),PI 597927,"United States, Iowa",661.0330682,43.29722911,307.7958658,-118.0514201,32.08010098,Stiff Stalk
B111,82,BSSS(R)C9,PI 607382,"United States, Iowa",135.9863455,-13.62280295,-55.61001938,-81.95620221,109.8941898,Stiff Stalk
B119,82,BS13(S)C7,PI 634213,"United States, Iowa",293.2167064,8.497489248,9.301364981,-68.32064925,91.6919388,Stiff Stalk
B120,82,BSCB(R)C12,PI 634214,"United States, Iowa",-153.68709,-66.30219179,-79.87314553,-160.7304249,97.74383863,Non Stiff Stalk
B121,82,BS13(S)C6-7884-1-1-1-1-1-1-1,PI 574297,China,-142.3168231,-86.44150394,-108.3604072,-179.3443442,102.8193991,Stiff Stalk
B14A,82,Cuzco/Early Dent)Selection//B14(8) ;Selected for rust resistance,PI 550461,"United States, Iowa",NA,NA,NA,NA,NA,Stiff Stalk
B164,82,Indiana Reid (developed by Pioneer),Ames 27066,"United States, Minnesota",-53.42520418,-77.16393823,-123.6000673,-131.4520917,100.977559,Unknown
B37,82,BSSS-C0,PI 550467,"United States, Iowa",235.1719206,-5.620263181,59.58259728,-133.9445629,-95.32013041,Stiff Stalk
B70,82,M14 X C103,PI 550466,"United States, Iowa",-306.2855192,-313.6358756,227.4129872,271.1480803,40.49730345,Non Stiff Stalk
B75,82,Iowa Corn Borer Synthetic #3 (BSCB3),PI 608774,"United States, Iowa",-119.9398751,-147.4686148,-62.15608233,-109.1318188,-49.557362,Unknown
B88,82,synthetic BS6(RC)C2,PI 550556,"United States, Iowa",-4.01304754,-56.9071161,-90.84872741,-130.6840774,104.2696392,Unknown
CG102,82,CG_Stiff_Stalk_Combined_C2,NA,NA,NA,NA,NA,NA,NA,Unknown
CH701-30,82,NA,Ames 27069,"Canada, Ontario",-120.771306,-102.2254858,-114.5109368,-144.419484,89.89259923,Unknown
CO257,82,BSSS,Ames 27052,"Canada, Ontario",166.2345424,-23.16309568,-69.18820484,-16.9505094,74.80715911,Stiff Stalk
CO258,82,BSSS,Ames 27053,"Canada, Ontario",166.1163168,-2.437386326,-45.64105068,-61.4644558,98.00011027,Stiff Stalk
CQ702RC,82,KS1030 X Pioneer 3535,PI 566938,"United AgriSeeds, Inc.",-314.4850147,213.0285076,102.1030195,26.25429059,-418.9025536,Non Stiff Stalk
H105W,82,NA,PI 587127,"United States, Indiana",299.8966126,12.60219364,-501.3260054,369.9799809,-12.43937666,Stiff Stalk
H114,82,Illinois Syn. 60B,Ames 22751,"United States, Indiana",147.3232931,-44.28830664,-55.35092408,-74.44930844,-123.0428082,Stiff Stalk
H121,82,Syn. HCBSA,Ames 26804,"United States, Indiana",-156.3818157,-118.7532447,-88.83754197,-131.2938455,15.55678467,Unknown
H5,82,Sel. Minnesota 22_35 (Funk Yellow Dent),Ames 26772,"United States, Indiana",-126.6088546,-108.2556347,-152.6124246,-248.2740051,64.18739779,Non Stiff Stalk
H71,82,W22(2) X NC24,Ames 26793,"United States, Indiana",-152.8781223,-144.772979,-165.7799929,-224.0088328,87.81571923,Non Stiff Stalk
H91,82,[(B14 X GE440) B14 (4)] HtHt,Ames 27114,"United States, North Carolina",535.5432648,60.14892913,-565.2923706,508.3102188,-78.10306108,Stiff Stalk
H95,82,Oh43 X C.I.90A,Ames 19319,"United States, Indiana",-191.2334404,-177.1849026,-29.80637352,-162.4439431,-427.8031215,Non Stiff Stalk
HUANYAO,82,NA,Ames 2337,China,-121.7292244,-132.3959347,-98.07670982,-153.5851795,182.4859683,Tropical 
Hy,82,Illinois_High_Yield,NA,NA,-29.89952532,-11.11683448,-77.50746034,-135.812486,140.8819402,Non Stiff Stalk
Il778d,82,IL557a X IL677a,Ames 27446,"United States, Illinois",-157.4865124,-170.9760414,-86.4747368,-107.8878674,119.6375827,Sweet Corn
INB 101LFY/LFY (A632 X M16 S5),82,NA,NSL 174429,NA,336.6150365,25.06014134,-531.0868275,412.0949498,-33.3547706,Stiff Stalk
INBRED 309,82,NA,PI 186227,Uruguay,-125.4607832,-144.0576433,-112.2221556,-158.5239682,147.2357154,Unknown
INBRED 321,82,NA,PI 186229,Uruguay,NA,NA,NA,NA,NA,Tropical 
J8606,82,P101 X C103G,PI 601725,"Novartis Seeds, Inc.",-364.3857796,258.2938363,195.666484,218.9833635,55.93828725,Mixed
K150,82,Yellow Selection No. 1 ,NSL 22630,"United States, Kansas",-104.369631,-100.7272989,-100.1659678,-136.9530143,84.36148458,Unknown
KUNG-70,82,NA,PI 391662,China,-130.5508083,-115.0495632,-90.7366402,-163.1496805,-1.411823056,Unknown
L 289,82,L 289 Lancaster_Surecrop,NSL 65872,"United States, Iowa",-152.1914469,-160.1791984,-54.53240935,-98.72631265,37.38284856,Unknown
LH1,82,B37(2) X 644,PI 644101,"Holden's Foundation Seeds, Inc.",68.97205989,199.1724011,101.6629158,-89.16183497,-88.56664918,Stiff Stalk
LH128,82,BS11LHC3 S4,PI 547086,"Holden's Foundation Seeds, Inc.",-67.31359056,-99.63715161,236.2211003,170.7149992,61.98984909,Non Stiff Stalk
LH181,82,LH58 X LH122,PI 547087,"Holden's Foundation Seeds, Inc.",-318.732706,-292.3356618,300.667261,340.6612406,-227.7180482,Non Stiff Stalk
LH190,82,B73Ht X B68Ht,PI 539922,"Holden's Foundation Seeds, Inc.",689.6862936,43.90693002,242.0697749,-53.91116802,11.13635688,Stiff Stalk
LH193,82,LHE137 X LHE136,PI 539927,"Holden's Foundation Seeds, Inc.",676.9150114,42.89266265,372.6096337,-172.7582179,11.62589171,Stiff Stalk
LH195,82,LH117 X LH132,PI 537097,"Holden's Foundation Seeds, Inc.",617.4266084,146.9556419,425.5201771,-164.4368383,-39.68133861,Stiff Stalk
LH208,82,LH74 X CB59G,PI 547088,"Holden's Foundation Seeds, Inc.",545.2857521,115.2394564,-9.378732054,125.1766344,-39.3667075,Stiff Stalk
LH213,82,LH123 X LH51,PI 547090,"Holden's Foundation Seeds, Inc.",-284.7342989,-279.2881232,267.4760113,362.3180075,-254.2900106,Non Stiff Stalk
LH214,82,LH1213Ht X LH51,PI 555660,"Holden's Foundation Seeds, Inc.",-293.6368987,-287.4773046,273.3443385,363.256511,-258.1999494,Non Stiff Stalk
LH215,82,synthetic population R177 X Mo17C2,PI 552815,"Holden's Foundation Seeds, Inc.",-305.199543,-255.2043513,235.3331277,280.5125013,65.88645427,Non Stiff Stalk
LH224,82,CB59G(2) X LH74,PI 562381,"Holden's Foundation Seeds, Inc.",479.4774379,58.00225386,-400.323159,337.3944427,-33.07268506,Stiff Stalk
LH59,82,(Mo17 X H99) X LH53,PI 601466,"Holden's Foundation Seeds, Inc.",-343.8004084,-351.5729858,397.8145186,458.7895847,70.34665913,Non Stiff Stalk
LH60,82,LH55 X LH47,PI 601404,"Holden's Foundation Seeds, Inc.",-286.8429551,-267.6269202,203.7469468,251.0520858,212.1343581,Non Stiff Stalk
MBST,82,LH38 X 4726-1,PI 601566,DEKALB Plant Genetics,-308.5353531,-246.1182107,80.77862016,-91.84037025,-792.7710602,Non Stiff Stalk
MBWZ,82,DKHBA1 X DKIB014,PI 564748,DEKALB Plant Genetics,-309.8150502,344.8280253,55.63899926,87.67443371,-15.13761988,Iodent
MM501D,82,(H99 X Va26) X H99,PI 583774,"United AgriSeeds, Inc.",-308.0641428,-251.7123593,125.2160317,-18.34113821,-578.8722415,Non Stiff Stalk
Mo46,82,Race Cravo Paulista (collection SP II from Brazil) among about 600 collections crossed to a D2 1 tester,PI 583351,"United States, Missouri",-75.42615045,-75.08182263,-28.25936317,17.89637855,30.60599479,Unknown
MS221,82,Broadbase sel. for European corn borer,Ames 24746,"United States, Michigan",334.4918683,-5.438491394,-210.2659264,111.8082063,-137.0650091,Stiff Stalk
MS67,82,(L317 X 38-11) MS1334],Ames 24710,"United States, Michigan",NA,NA,NA,NA,NA,Mixed
N211,82,Self-pollination directly from CLNA(C1),PI 569354,"United States, Nebraska",-86.64970239,-30.53051426,-105.4349986,-98.43838721,63.67718314,Mixed
N215,82,Developed by self pollination directly from NB(S)RF1(5). Population represents fifth cycle of reciprocal full-sib selection in Nebraska B Synthetic with Nebraska Stiff Stalk Synthetic as opposing tester population,PI 595367,"United States, Nebraska",-96.30216014,-63.68912734,-123.2432587,-117.7131016,90.58878898,Mixed
N28Ht,82,Stiff_Stalk_Synthetic_1,Ames 27138,"United States, North Carolina",111.2058666,-34.50584463,-100.1815501,-4.301994785,85.76842213,Stiff Stalk
N501,82,Inbred from Nebraska S synthetic following twelve cycles of recurrent selection for grain yield and tolerance to sub-optimal temperatures.,PI 594050,"United States, Nebraska",187.1554077,-39.62742525,-67.58501617,-26.9102618,38.07575479,Stiff Stalk
N523,82,Inbred from Nebraska S synthetic following multiple cycles of recurrent selection to sub-optimal temperatures using growth chamber evaluations and seedling tolerance to post-emergence freeze.,PI 594071,"United States, Nebraska",94.05145689,-35.23088599,-113.292575,-40.6077434,98.29275921,Stiff Stalk
N527,82,"Selected from Nebraska B and Nebraska S Synthetics, NB and NS.",PI 604606,"United States, Nebraska",120.4214458,-19.56471541,-96.62589162,-36.42175992,74.41167364,Stiff Stalk
N534,82,Inbred from Nebraska B synthetic following twelve cycles of full-sib recurrent selection to sub-optimal temperatures using growth chamber evaluations,PI 594080,"United States, Nebraska",NA,NA,NA,NA,NA,Mixed
N542,82,Inbred from Nebraska S synthetic following multiple cycles of recurrent selection to sub-optimal temperatures using growth chamber evaluations and seedling tolerance to post-emergence freeze.,PI 594088,"United States, Nebraska",117.8443017,-1.013434705,-102.3907425,-12.73229897,90.08266608,Stiff Stalk
NC328,82,"(B73 x NC250) x B73(3); shares a common BC3F1 family with NC292, NC326, and NC330",Ames 27160,"United States, North Carolina",685.3389681,44.17161615,442.9215962,-214.2798088,11.94128655,Stiff Stalk
NK740,82,Mexican_Deep_Kernel X Mo17,PI 601489,Northrup King Company,-385.0938672,-395.5194787,502.0960056,640.0972328,301.2480806,Non Stiff Stalk
NKS8326,82,(W117 / 2* Mo17,NA,NA,NA,NA,NA,NA,NA,Non Stiff Stalk
NY 166 (Neveh Yaar),82,NA,PI 200184,Israel,-158.0441124,-107.7777842,-81.83196745,-151.4608504,89.48618602,Mixed
OC19,82,Half-sib pollinations within an S5 line derived from Peterson's ABPl3 x Rainbow.,PI 596506,"United States, Iowa",-143.2449516,-107.9794806,-101.641374,-126.6245704,77.43209183,Unknown
Oh7,82,CI 540 x Ill  L,PI 587146,"United States, Ohio",-16.24070827,-89.87460325,-204.1026417,-55.1615968,60.64703512,Non Stiff Stalk
Pa778,82,[(C103 X Hooker's Ht B Source)(C1030C)] C103 Ht Ht,PI 560081,"United States, Pennsylvania",NA,NA,NA,NA,NA,Non Stiff Stalk
PHBB3,82,PHK29 X PHW52,PI 578029,"Pioneer Hi-Bred International, Inc.",410.0310052,3.124500198,44.57377962,73.76270536,-115.2600602,Stiff Stalk
PHJ70,82,AC26 X B73Ht,PI 601775,"Pioneer Hi-Bred International, Inc.",364.1871559,-20.23502076,53.53809164,28.2557953,-98.35153149,Mixed
PHK56,82,PHG47 X PHG35,PI 543842,"Pioneer Hi-Bred International, Inc.",-300.2033331,74.74502149,37.79802144,-21.88931773,-170.6675408,Non Stiff Stalk
PHK93,82,PHB72 X PHT60,PI 548800,"Pioneer Hi-Bred International, Inc.",-183.7003325,-142.2453474,-49.85206032,-140.7546173,-223.4624809,Non Stiff Stalk
PHN46,82,PHZ51 X PHV78,PI 543844,"Pioneer Hi-Bred International, Inc.",-249.9031329,-21.62607459,73.24750715,35.87650388,68.13740345,Non Stiff Stalk
PHPR5,82,PHK76 X PHW52,PI 559945,"Pioneer Hi-Bred International, Inc.",225.3923691,-59.53322593,11.74880207,103.8077983,-147.7001362,Stiff Stalk
PHR31,82,G50 X PHRH7,PI 559947,"Pioneer Hi-Bred International, Inc.",-378.05027,724.0288355,100.9129435,-12.93741105,0.694291734,Iodent
PHR55,82,PH005 X PHG84,PI 548804,"Pioneer Hi-Bred International, Inc.",NA,NA,NA,NA,NA,Non Stiff Stalk
PHT10,82,B73 X G39,PI 601573,"Pioneer Hi-Bred International, Inc.",595.2525714,39.79890238,127.6963319,-17.27195318,-39.29724053,Stiff Stalk
PHT22,82,P207 X HD12,PI 601788,"Pioneer Hi-Bred International, Inc.",-313.3166855,297.6650582,98.56719638,14.04023576,-100.4523682,Iodent
PHT47,82,B47 X G39,PI 559948,"Pioneer Hi-Bred International, Inc.",277.797863,21.3352855,-122.4441687,63.10111727,-95.56108107,Stiff Stalk
PHT55,82,PHA33GB4 X PHA34CB4,PI 601498,"Pioneer Hi-Bred International, Inc.",268.910296,26.75128297,-131.4616436,160.3148093,-64.59595564,Stiff Stalk
PHW43,82,P995 X G35,PI 601792,"Pioneer Hi-Bred International, Inc.",-225.5462622,58.81714848,43.42966803,-80.89349095,-210.349381,Non Stiff Stalk
PHW79,82,PHT90 X PH595,PI 601576,"Pioneer Hi-Bred International, Inc.",-71.15350738,-90.33970363,106.3575528,26.74684739,-9.119566412,Mixed
PHWG5,82,PH814 X PHG16,PI 559954,"Pioneer Hi-Bred International, Inc.",-223.5654561,-111.8432201,62.54161653,44.09508298,15.9700546,Non Stiff Stalk
PHZ51,82,PH814 X PH848,PI 601322,"Pioneer Hi-Bred International, Inc.",-225.7858488,-96.62451566,46.09276879,15.56628459,114.001525,Non Stiff Stalk
R78,82,Illinois High Oil(2) X Hy,NSL 30876,"United States, Illinois",-126.5361875,-110.1170807,-101.4643288,-145.9126959,119.6926,Unknown
Tr,82,Reid Yellow Dent (Troyer strain),Ames 26022,"United States, Indiana",-30.30856124,-61.21377356,-67.55518439,-133.2309072,76.83593819,Stiff Stalk
Va26,82,Oh43 X K155,PI 587149,"United States, Virginia",-205.4611725,-204.6344422,-3.886552977,-156.7766205,-582.9318981,Non Stiff Stalk
W22,82,Ill_B10 X W25,NSL 30053,"United States, University of Wisconsin",-136.9282614,-147.8334427,-165.8311517,-231.1517266,57.71876861,Non Stiff Stalk
W23,82,Golden_Glow,NSL 30060,"United States, University of Wisconsin",-147.2104997,-137.158226,-127.516452,-170.7460359,92.10993649,Non Stiff Stalk
W24,82,O.P. Minnesota Golden Daybreak,NSL 30064,"United States, University of Wisconsin",-91.39983227,-47.2092337,-42.66627415,-78.42398965,131.1314999,Unknown
W606S,82,SCRO1 / 2* unkown,NA,NA,NA,NA,NA,NA,NA,Non Stiff Stalk
W810G,82,AR17056 Xunkown(2),Ames 30567,"United States, University of Wisconsin",NA,NA,NA,NA,NA,Non Stiff Stalk
W812G,82,CUBA117 X unkown(2),Ames 30569,"United States, University of Wisconsin",350.3632202,114.0448431,216.992683,-120.1713363,-1.770459644,Stiff Stalk
W813G,82,CUBA164 X unkown(2),Ames 30570,"United States, University of Wisconsin",440.7152967,10.40048224,-321.0708369,271.6575423,2.245012665,Stiff Stalk
Wf9,82,Reid Yellow Dent (Indiana station strain),Ames 19293,"United States, Indiana",-173.988141,-100.3264959,-80.59268814,-129.7730341,-8.740089539,Non Stiff Stalk
WIL903,82,Exotic 82C43 population,PI 601686,"Wilson Hybrids, Inc.",-354.6061674,-383.4909424,440.7291713,568.2069045,295.5113695,Non Stiff Stalk
WU-TAN-TZAO,82,NA,PI 391680,China,-106.9955759,-123.9855363,-93.82525927,-143.3630897,143.3890413,Unknown
YING-55,82,NA,PI 391665,China,-118.2126753,-96.51778763,-121.7207811,-129.1896646,113.8372409,Unknown
6M502,84,MAWU X 4913,PI 601561,DEKALB Plant Genetics,-232.6220508,-203.3345694,82.80141342,81.98736562,-77.39815002,Non Stiff Stalk
6M502A,84,MAWU X 4913,PI 546484,DEKALB Plant Genetics,-236.0925808,-203.8030008,50.88110592,50.79260028,-110.7660802,Non Stiff Stalk
87916W,84,B73 X W37-2 -B1-1-B1,PI 601563,DEKALB Plant Genetics,500.7707188,14.1887708,290.2356734,-159.118498,48.5978622,Stiff Stalk
A,84,Funk Yellow Dent,NSL 30861,"United States, Illinois",-106.4653401,-132.2528914,-170.698152,-216.9055699,124.3048909,Non Stiff Stalk
AusTRCF 306238,84,{{{{Gn43(WX)xK303}xGn43(WX)}-5sibbed-2sibbed-2sibbed(SIB)}-6x{y/y}}-1-2-1,NSL 437933,"Australia, New South Wales",-236.3553399,-260.6652983,176.7261659,240.548751,189.6195413,Non Stiff Stalk
B108,84,CIMMYT Pool 41(IA)-C15,PI 597926,"United States, Iowa",-98.62212078,-125.7196678,-97.0386756,-62.92804124,65.88447566,Unknown
B110,84,BS13(S)C5,PI 607382,"United States, Iowa",311.4198632,6.007283336,66.19523627,-70.61845129,107.2060484,Stiff Stalk
B14,84,BSSS,NSL 65866,"United States, Iowa",592.116979,76.55635182,-573.6326355,521.9996909,-80.07803988,Stiff Stalk
B46,84,W22 x B10,PI 550469,"United States, Iowa",-37.15987225,-71.14630304,-183.5944824,-120.0510845,55.61670199,Unknown
B47,84,A392 / R61,NA,NA,NA,NA,NA,NA,NA,Stiff Stalk
B65,84,Ky114 X Wf9 (4) X 41.2504B ,PI 550463,"United States, Iowa",-158.1278154,-112.6890362,-97.00317952,-136.2288235,-19.04602863,Non Stiff Stalk
B66,84,B33 X Oh43,PI 550464,"United States, Iowa",-229.1958071,-178.9354145,-17.07572565,-143.3224074,-468.5001457,Non Stiff Stalk
B84,84,BSSS(HT)C7 [renamed BS13(S2)C0] that was tested as BS13(S2)CO-45-6-2-1-1.,PI 608767,"United States, Iowa",386.0062966,5.862546745,13.99041141,-65.87251519,41.90491077,Stiff Stalk
B97,84,Iowa Corn Borer Synthetic No. 1 [BSCB1(R)C9]-2,PI 564682,"United States, Iowa",-140.0260206,-86.45065681,-119.1085171,-182.3160069,118.4855003,Non Stiff Stalk
B98,84,Pioneer Two-ear Composite [BS11(FR)C5]-2803,PI 564683,"United States, Iowa",-127.1084109,-93.82367249,-83.65538865,-128.3171155,72.68740075,Unknown
DE2,84,P3140 X P3751,PI 606330,"United States, Delaware",-292.632991,382.3642011,64.75958808,-32.25832846,-78.28054248,Iodent
DE3,84,XL212 X N11a,PI 638551,"United States, Delaware",-187.3830952,-188.265744,67.65803834,70.21740517,-226.8485062,Non Stiff Stalk
E8501,84,387 X FRMo17,PI 601724,"Novartis Seeds, Inc.",-238.9398372,-288.3028319,139.6690733,226.5659782,119.3909862,Non Stiff Stalk
F2834T,84,Teko Yellow,Ames 27112,South Africa,-127.2836123,-119.0250385,-107.9342719,-135.6329756,112.9063328,Tropical 
FR19,84,W438 X A635,PI 600772,"Illinois Foundation Seeds, Inc.",149.7741035,-12.70949875,-359.1571116,177.160757,13.07004655,Mixed
H110,84,"Oh514/PI 209135, selection Mb.27-12",PI 550526,"United States, Indiana",74.82155874,-74.47628043,-257.6208116,68.91987249,59.56439531,Unknown
H84,84,B37 X GE440 X HtHt,PI 587128,"United States, Indiana",139.4391515,-43.67811602,26.91754059,-98.62974926,-63.87645242,Stiff Stalk
HP301,84,Supergold,PI 587131,"United States, Indiana",-150.0510751,-137.5918012,-110.1101157,-229.4267295,201.0837934,Popcorn
IDS28,84,Yellow Pearl,Ames 24575,"United States, Iowa",-160.928391,-111.8631363,-104.2801361,-189.4127572,176.7684423,Popcorn
IDS91,84,South American,Ames 24577,"United States, Iowa",-155.4950723,-131.6990222,-105.1388987,-237.1603616,192.9642247,Popcorn
INBRED 141,84,NA,PI 186199,Australia,-94.96737603,-85.76920284,-109.8260294,-143.2984831,98.70005899,Unknown
INBRED 305,84,NA,PI 186226,Uruguay,-121.5473326,-157.1957457,-109.7061136,-154.821949,162.7444457,Unknown
K41,84,Pride of Saline,NSL 22635,"United States, Kansas",-125.4969462,-97.39874912,-91.65824464,-146.9558753,110.5328149,Unknown
LH191,84,LH132 X Pioneer 3184,PI 539925,"Holden's Foundation Seeds, Inc.",423.796584,27.70241885,241.6562785,-30.24175656,-58.16482447,Mixed
LH192,84,LHE137 X LHE136,PI 539926,"Holden's Foundation Seeds, Inc.",588.532747,20.95129302,358.7315518,-192.1357762,36.77480335,Stiff Stalk
LH194,84,LH117 X LHE137,PI 539923,"Holden's Foundation Seeds, Inc.",527.5012752,114.1995412,377.8203959,-175.4946005,-22.63394069,Stiff Stalk
LH205,84,LH74 X LH119,PI 537099,"Holden's Foundation Seeds, Inc.",742.5947736,68.99864106,141.6250375,56.9899833,-21.9399726,Stiff Stalk
LH216,84,LH51(3) X LH123Ht,PI 557569,"Holden's Foundation Seeds, Inc.",-365.8347881,-400.5094406,481.006722,617.9787629,123.2664406,Non Stiff Stalk
MBPM,84,Composite_400M,PI 601440,United States,-176.7378766,-169.6610042,-52.08620708,-103.2001139,-283.6862828,Mixed
Mo1W,84,Mo22/2 X Wf9,PI 558520,"United States, Missouri",-159.6011336,-98.81278574,-90.13301675,-142.7065178,24.26072291,Non Stiff Stalk
MS24A,84,[(Golden Glow X M. Amargo) S5 X Duncan] S2 X Golden Glow,Ames 24708,"United States, Michigan",-143.9294748,-97.91229807,-103.6004388,-136.6769258,91.28123321,Unknown
N217,84,Derived directly by selfing component family 077-3 from cycle 1 of NCLNB,PI 596356,"United States, Nebraska",443.6337963,64.92838912,-384.0720028,353.0283514,-27.6048372,Stiff Stalk
N218,84,"Derived by self-pollinating family 172-2, a component of NCLNB cycle 1",PI 596357,"United States, Nebraska",530.4069387,57.36485186,-156.8878465,222.3498147,-26.51707297,Stiff Stalk
N28,84,Developed by continued inbreeding and selection from Stiff Stalk Synthetic 1,Ames 19321,"United States, Nebraska",116.7808534,-28.42104494,-46.99782955,-29.22555269,91.83688247,Stiff Stalk
N7A,84,Oh07 X Stiff Stalk Synthetic,PI 607512,"United States, Nebraska",128.7339455,-52.69560642,-187.850752,-10.36679837,57.18813778,Stiff Stalk
NC294,84,B73(4) X NC250,Ames 27143,"United States, North Carolina",498.0336723,-7.533105396,321.4597409,-191.4842038,-18.85233174,Stiff Stalk
NC326,84,"(B73 x NC250) x B73(3); shares a common BC3F1 family with NC292, NC328, and NC330",Ames 27159,"United States, North Carolina",767.1234647,58.48989398,410.8701807,-175.8266742,32.61205187,Stiff Stalk
NC342,84,McNair14 X McNair18 which were in turn derived from Coker 811A x C103,Ames 27167,"United States, North Carolina",-233.4609539,-215.8541984,103.0187923,91.25096974,146.460383,Non Stiff Stalk
NY6371,84,Developed by two generations of selfing from an S2 family of the Multiple Borer Resistant (MBR) population developed by the Int. Maize and Wheat Improvement Ctr. (CIMMYT),PI 610494,CIMMYT,-112.8078151,-119.3070481,-95.07017475,-136.1819861,67.6371308,Tropical 
Os426,84,Osterland Yellow Dent,Ames 22756,"United States, Iowa",-92.17989288,-75.20221853,-96.52181251,-119.9889063,110.31408,Mixed
Pa762,84,Oh43 X Pa70L,Ames 27184,"United States, Pennsylvania",-258.6774841,-239.0579952,-2.652260314,-156.875122,-700.7411397,Non Stiff Stalk
Pa880,84,PAWf9 synthetic C2,PI 517974,"United States, Pennsylvania",-140.6358451,-86.45614829,-69.32425884,-105.6423589,72.5829943,Unknown
PHJ33,84,PHG83 X CE18,PI 601774,"Pioneer Hi-Bred International, Inc.",-282.6309081,210.7428651,107.7947208,60.404938,58.93809458,Iodent
PHK29,84,B47 X AC54,PI 601468,"Pioneer Hi-Bred International, Inc.",397.1385026,10.98527244,104.8963301,68.44177303,-93.07967077,Stiff Stalk
PHP85,84,PHK29 X PHW52,PI 559944,"Pioneer Hi-Bred International, Inc.",481.3288437,22.13091014,44.07765746,122.4171525,-94.81583517,Stiff Stalk
PHR03,84,PHT19 X PHG84,PI 548803,"Pioneer Hi-Bred International, Inc.",-300.4321494,239.6184213,145.2185516,83.65099748,2.363606941,Mixed
PHR58,84,PH383 X PHG16,PI 548805,"Pioneer Hi-Bred International, Inc.",-234.6590859,-178.193656,88.78455038,71.57199482,7.223863054,Non Stiff Stalk
PHR62,84,G50 X G35,PI 601786,"Pioneer Hi-Bred International, Inc.",-336.1788889,465.0233783,50.39621575,-8.446070793,90.4385501,Iodent
PHW53,84,G50 X PHZ51,PI 565112,"Pioneer Hi-Bred International, Inc.",-312.2560257,429.8571386,37.13732104,-48.48018676,70.46201889,Iodent
PHW65,84,PH861 X PH595,PI 601501,"Pioneer Hi-Bred International, Inc.",-258.6467272,26.99762435,47.64031818,26.87703806,-75.98441032,Non Stiff Stalk
R226,84,BS10C4,PI 531510,"United States, Illinois",51.33632771,-70.82508023,-190.6924822,20.54114546,-65.08686935,Mixed
R227,84,RSSSC  ,PI 531511,"United States, Illinois",124.0170235,-26.44509174,11.93932161,-73.37482407,112.7944998,Stiff Stalk
R229,84,Brazil inbred 479 X B73,PI 592734,"United States, Illinois",688.1251903,39.50364437,387.4841366,-174.4630881,50.68666891,Stiff Stalk
R71,84,Snelling Corn Borer Synthetic,NSL 30872,"United States, Illinois",-118.6376271,-51.65440039,-105.4222611,-170.8489146,74.54860511,Non Stiff Stalk
Va102,84,Va59 X Va60,PI 587151,"United States, Virginia",-188.409569,-204.846929,2.370365216,10.38689353,148.24181,Non Stiff Stalk
Va22,84,C103 X Va17(2),Ames 19328,"United States, Virginia",NA,NA,NA,NA,NA,Non Stiff Stalk
Va35,84,(C103 x T8)T8,PI 587150,"United States, Virginia",-211.1263734,-208.9751065,12.43609348,32.55793067,164.0539689,Non Stiff Stalk
Va59,84,(T82 X C1032) X (C103 X K4),Ames 19016,"United States, Virginia",-241.3023101,-247.5867734,86.99133531,117.1584893,171.3293399,Non Stiff Stalk
VaW6,84,NA,Ames 19000,"United States, Virginia",-150.9801151,-127.3835108,-44.22507697,-110.5594257,-136.1613409,Unknown
W32,84,WR3 X AR9,NSL 30071,"United States, University of Wisconsin",-126.4054849,-128.1169309,-151.4129788,-216.9833594,122.4167486,Non Stiff Stalk
W610S,84,CUBA164 / 2* unkown,NA,NA,NA,NA,NA,NA,NA,Mixed
W803G,84,WFISIHI_C2,Ames 20560,"United States, University of Wisconsin",-96.04439237,-125.5293699,-23.6641005,-21.75266034,82.93791867,Mixed
W809G,84,AR16026 X unkown(2),Ames 30566,"United States, University of Wisconsin",561.1352578,14.26559445,294.3502004,-136.4162068,29.3950608,Stiff Stalk
W815G,84,DK2888 X unkown(2),Ames 30572,"United States, University of Wisconsin",NA,NA,NA,NA,NA,Mixed
W817G,84,FS8B(T) X unkown(2),Ames 30574,"United States, University of Wisconsin",-217.6259867,-87.71393956,66.94360815,58.37283264,-126.2166146,Non Stiff Stalk
W819G,84,GUAT209 X unkown(2),Ames 30576,"United States, University of Wisconsin",548.5093169,26.95115329,106.4305636,28.89052048,7.346856209,Stiff Stalk
W820G,84,GUAT209 X unkown(2),Ames 30577,"United States, University of Wisconsin",425.374947,-4.589019405,69.66825885,-55.96939035,9.769789949,Stiff Stalk
WXB6,84,B6 X Unknown (waxy gene donor),Ames 26745,"United States, Iowa",-85.49638829,93.88280853,-65.20174946,-74.07014227,22.61143926,Unknown
YE 4,84,NA,Ames 2335,China,-122.4453252,-132.0178753,-97.69829362,-152.7760497,181.4287682,Tropical 
Yu796 NS,84,NA,Ames 27196,"United States, North Carolina",-154.8067653,-170.5713208,-5.066369127,-0.314048647,125.6212569,Unknown
B105,85,BSSS(R)C9,PI 594048,"United States, Iowa",135.0482416,-12.6484862,-29.30879801,-114.1343033,118.8040894,Stiff Stalk
WIL901,85,selfing Wilson exotic breding population 82C232  ,PI 601685,"Wilson Hybrids, Inc.",-337.460632,-386.6593807,421.5846966,558.9307286,288.0658945,Non Stiff Stalk
33-16,86,Lux_Johnson_County_White,Ames 26771,"United States, Indiana",-134.2087793,-119.3290246,-113.9903551,-97.22886154,73.36926073,Unknown
4F-234 BX 4,86,NA,PI 198892,Argentina,-131.4094369,-142.8468423,-92.30456402,-159.6489848,140.2382503,Tropical 
A619,86,A171 X Oh43(2),PI 587139,"United States, Minnesota",-266.7862956,-257.4968829,23.50643602,-158.7094628,-795.1007403,Non Stiff Stalk
B104,86,BS13(S)C5,PI 594047,"United States, Iowa",362.5167955,7.121142823,-2.823987585,-41.66716735,73.31315081,Stiff Stalk
B2,86,Reid Yellow Dent,Ames 26769,"United States, Indiana",-72.00521512,-80.9416376,-126.5423622,-132.3089976,102.672712,Non Stiff Stalk
B57,86,Selected from open-pollinated 'Midland'.,PI 550472,"United States, Iowa",-125.1145369,-101.2437294,-102.9783506,-123.4254444,119.6476618,Unknown
B68,86,41.2504B X B14 (3),PI 550466,"United States, Iowa",476.4560263,47.14888696,-557.0708007,471.3597191,-61.67008122,Stiff Stalk
B77,86,"Pioneer Two-Ear Composite (PHPRC), tested as BS11(FR)CO-Q51-3-2-1-2-1",PI 608765,"United States, Iowa",-120.3383174,-140.4601923,-73.43086992,-93.6236823,81.82786004,Unknown
B79,86,"Iowa Two Ear Synthetic No. 1 (GP-12, PI 550446) tested as BS10(FR)CO-Q98-10-1-4-1.",PI 608766,"United States, Iowa",-8.612425553,-86.78684417,-201.667215,-14.76551941,-157.0755742,Unknown
DE811,86,B68 X B37Ht X C103 X Mp3204,PI 550558,"United States, Delaware",220.2729146,-54.83517188,-236.5368411,322.4724212,-25.93454957,Stiff Stalk
F118,86,B73 X T220,PI 555462,DEKALB Plant Genetics,368.0164591,-22.11147847,163.9537694,-146.6221509,80.65778193,Stiff Stalk
H113,86,H60 X H55,Ames 26803,"United States, Indiana",-60.19256893,-105.6062145,-132.8616621,-135.1372745,134.6173382,Mixed
H122w,86,74_R336 X FR805 X B73(2),Ames 26805,"United States, Indiana",320.1278078,-55.96011728,222.214698,-161.6266835,-148.6028452,Stiff Stalk
H96,86,H55 X H56,Ames 26797,"United States, Indiana",-39.04965878,-37.23968009,-83.45642331,-141.1418428,115.3860953,Unknown
HUOBAI,86,NA,Ames 2339,China,-114.1500594,-118.5669449,-105.0582244,-154.5183247,131.4403633,Tropical 
IDS69,86,South American,Ames 247576,"United States, Iowa",-153.3728828,-129.1655571,-109.0438258,-230.4963569,192.1656046,Popcorn
INBRED 109,86,NA,PI 186196,Australia,-122.6348707,-107.8329151,-109.1066637,-124.5150331,100.5633989,Tropical 
J47,86,O.P. Mercer Co. Whitecap,NSL 22984,"United States, New Jersey",-132.3600205,-127.4700453,-99.01051168,-116.0146629,61.54867709,Unknown
K47,86,YELLOW S AMER VARIETY X SA 2,NSL 22628,"United States, Missouri",-154.9661611,-121.673077,-108.8850646,-171.9832859,161.7830755,Popcorn
K55,86,Pride of Saline,Ames 22754,"United States, Kansas",-125.9161346,-120.5166258,-94.92229445,-158.312581,78.69436647,Unknown
LH211,86,LH58 X LH123Ht,PI 537101,"Holden's Foundation Seeds, Inc.",-299.0434683,-282.1251728,310.7482902,335.2437676,-146.8003417,Non Stiff Stalk
LH65,86,(Mo17 x LH18) LH53,NA,NA,NA,NA,NA,NA,NA,Non Stiff Stalk
M14,86,BR10 X R8,NSL 30867,"United States, Illinois",-114.3301657,-90.78000796,-110.6829532,-143.2260432,-54.97855476,Unknown
Mo5,86,K55(3) X N6,PI 558523,"United States, Missouri",-141.0363995,-118.5624942,-104.9915238,-167.0793399,80.61358385,Mixed
N200,86,Selfed from an outcross (and probably a backcross) to MO 44,PI 568159,"United States, Nebraska",-63.9913019,-110.1175002,-93.20551326,-138.2282119,99.1669433,Non Stiff Stalk
N209,86,Developed by self pollination directly from NSS1(6). NSS1(6) is first replication of Nebraska Stiff Stalk Synthetic which had undergone six cycles of per se selection when selfing was initiated.,PI 595366,"United States, Nebraska",165.3314152,-37.27963719,-53.74839552,-2.679969517,76.16381627,Stiff Stalk
NC250,86,Nigeria Composite ARb X B37(2),PI 550555,"United States, North Carolina",133.2420323,-59.12178866,70.99345173,-138.402283,-30.8468469,Stiff Stalk
NC290A,86,McNair inbred line 14 X McNair inbred line 18 (largely C103 origin); derived from the same S4 family as NC290,Ames 27141,"United States, North Carolina",-241.3666456,-220.1468417,87.35389145,76.85276782,159.0040672,Popcorn
NC368,86,Derived from B73 x NC250-type materials,Ames 27180,"United States, North Carolina",470.7475531,7.260957639,270.2972663,-157.8525526,4.480721847,Stiff Stalk
NC412,86,Pioneer X x105A X H5 X Agroceres_155 X 3 X NC262A,NA,"United States, North Carolina",-191.7827145,-181.1045188,20.72126783,-6.26283066,150.3350646,Tropical 
Pa91,86,(Wf9 X Oh40B)S4 X [(38-11 X L317)38-11]S4,PI 587147,"United States, Hawaii",-184.7999902,-129.3770481,-57.69283859,-156.6272421,-287.9871734,Non Stiff Stalk
PHEG9,86,PHG86 X PHW52,PI 578030,"Pioneer Hi-Bred International, Inc.",562.5593631,28.85469944,-5.203147404,93.84000607,-41.20827862,Stiff Stalk
PHG35,86,G3BD2 X H7FS6,PI 601008,"Pioneer Hi-Bred International, Inc.",-238.708016,196.657969,7.947010573,-3.545990101,73.45769973,Mixed
PHN34,86,SC359 X PH157,PI 543843,"Pioneer Hi-Bred International, Inc.",-171.7884455,-24.68858498,-40.5585601,-111.4630941,105.4566194,Non Stiff Stalk
PHV63,86,PH555 X Zap<4CB (Zapalote chico and Corn Belt inbreds put together to develop insect tolerance),PI 601500,"Pioneer Hi-Bred International, Inc.",113.5172828,-84.47861652,-17.29581823,173.5182299,-5.836667131,Stiff Stalk
PHV78,86,G42 X  PH595,PI 601470,"Pioneer Hi-Bred International, Inc.",-267.4200823,143.0258165,84.97325051,59.30901484,27.14635873,Mixed
Va17,86,Wf9 X T8,Ames 19002,"United States, Virginia",-193.5819473,-102.1417764,-72.9159195,-105.15268,34.18752154,Non Stiff Stalk
WIL900,86,selfing Wilson exotic breding population 82C43 ,PI 601684,"Wilson Hybrids, Inc.",-327.1997502,-380.2884144,414.8042653,545.176652,275.8754977,Non Stiff Stalk
4F-35 BK,87,NA,PI 198888,Argentina,-117.0615875,-145.8964376,-82.36877547,-160.4453449,112.5306463,Tropical 
R177,87,Germplasm 230B (Snelling Corn Borer Synthetic),NSL 30894,"United States, Illinois",-183.601779,-87.21712974,-103.8432805,-165.4661334,-71.49482035,Unknown
PH207,76,PHG3BD2 X PHG3RZ1,PI 601005,"United States, Iowa",-412.6355615,991.6472382,125.5481341,35.48824164,42.41309915,Iodent
B73,80,Selected from advanced recurrent selection population (C5) of Iowa Stiff Stalk Synthetic (BSSS),PI 550473,"United States, Iowa",NA,NA,NA,NA,NA,Stiff Stalk
,,,,,,,,,,
,,,,,,,,,,
,,,,,,,,,,
,,,,,,,,,,
,,,,,,,,,,
,,,,,,,,,,
,,,,,,,,,,
,,,,,,,,,,
,,,,,,,,,,
,,,,,,,,,,
,,,,,,,,,,
,,,,,,,,,,
,,,,,,,,,,
,,,,,,,,,,
,,,,,,,,,,
,,,,,,,,,,
,,,,,,,,,,
,,,,,,,,,,
,,,,,,,,,,
,,,,,,,,,,
,,,,,,,,,,
,,,,,,,,,,
,,,,,,,,,,
,,,,,,,,,,
,,,,,,,,,,
,,,,,,,,,,
,,,,,,,,,,
,,,,,,,,,,
,,,,,,,,,,
,,,,,,,,,,
,,,,,,,,,,
,,,,,,,,,,
,,,,,,,,,,
,,,,,,,,,,
,,,,,,,,,,
,,,,,,,,,,
,,,,,,,,,,
,,,,,,,,,,
,,,,,,,,,,
,,,,,,,,,,
,,,,,,,,,,
,,,,,,,,,,
,,,,,,,,,,
,,,,,,,,,,
,,,,,,,,,,
,,,,,,,,,,
,,,,,,,,,,
,,,,,,,,,,
,,,,,,,,,,
,,,,,,,,,,
,,,,,,,,,,
,,,,,,,,,,
,,,,,,,,,,
,,,,,,,,,,
,,,,,,,,,,
,,,,,,,,,,
,,,,,,,,,,
,,,,,,,,,,
,,,,,,,,,,
,,,,,,,,,,
,,,,,,,,,,
,,,,,,,,,,
,,,,,,,,,,
,,,,,,,,,,
,,,,,,,,,,
,,,,,,,,,,
,,,,,,,,,,
,,,,,,,,,,
,,,,,,,,,,
,,,,,,,,,,
,,,,,,,,,,
,,,,,,,,,,
,,,,,,,,,,
,,,,,,,,,,
,,,,,,,,,,
,,,,,,,,,,
,,,,,,,,,,
,,,,,,,,,,
,,,,,,,,,,
,,,,,,,,,,
,,,,,,,,,,
,,,,,,,,,,
,,,,,,,,,,
,,,,,,,,,,
,,,,,,,,,,
,,,,,,,,,,
,,,,,,,,,,
,,,,,,,,,,
,,,,,,,,,,
,,,,,,,,,,
,,,,,,,,,,
,,,,,,,,,,
,,,,,,,,,,
,,,,,,,,,,
,,,,,,,,,,
,,,,,,,,,,
,,,,,,,,,,
,,,,,,,,,,
,,,,,,,,,,
,,,,,,,,,,
,,,,,,,,,,
,,,,,,,,,,
,,,,,,,,,,
,,,,,,,,,,
,,,,,,,,,,
,,,,,,,,,,
,,,,,,,,,,
,,,,,,,,,,
,,,,,,,,,,
,,,,,,,,,,
,,,,,,,,,,
,,,,,,,,,,
,,,,,,,,,,
,,,,,,,,,,
,,,,,,,,,,
,,,,,,,,,,
,,,,,,,,,,
,,,,,,,,,,
,,,,,,,,,,
,,,,,,,,,,
,,,,,,,,,,
,,,,,,,,,,
,,,,,,,,,,
,,,,,,,,,,
,,,,,,,,,,
,,,,,,,,,,
,,,,,,,,,,
,,,,,,,,,,
,,,,,,,,,,
,,,,,,,,,,
,,,,,,,,,,
,,,,,,,,,,
,,,,,,,,,,
,,,,,,,,,,
,,,,,,,,,,
,,,,,,,,,,
,,,,,,,,,,
,,,,,,,,,,
,,,,,,,,,,
,,,,,,,,,,
,,,,,,,,,,
,,,,,,,,,,
,,,,,,,,,,
,,,,,,,,,,
,,,,,,,,,,
,,,,,,,,,,
,,,,,,,,,,
,,,,,,,,,,
,,,,,,,,,,
,,,,,,,,,,
,,,,,,,,,,
,,,,,,,,,,
,,,,,,,,,,
,,,,,,,,,,
,,,,,,,,,,
,,,,,,,,,,
,,,,,,,,,,
,,,,,,,,,,
,,,,,,,,,,
,,,,,,,,,,
,,,,,,,,,,
,,,,,,,,,,
,,,,,,,,,,
,,,,,,,,,,
,,,,,,,,,,
,,,,,,,,,,
,,,,,,,,,,
,,,,,,,,,,
,,,,,,,,,,
,,,,,,,,,,
,,,,,,,,,,
,,,,,,,,,,
,,,,,,,,,,
,,,,,,,,,,
,,,,,,,,,,
,,,,,,,,,,
,,,,,,,,,,
,,,,,,,,,,
,,,,,,,,,,
,,,,,,,,,,
,,,,,,,,,,
,,,,,,,,,,
,,,,,,,,,,
,,,,,,,,,,
,,,,,,,,,,
,,,,,,,,,,
,,,,,,,,,,
,,,,,,,,,,
,,,,,,,,,,
,,,,,,,,,,
,,,,,,,,,,
,,,,,,,,,,
,,,,,,,,,,
,,,,,,,,,,
,,,,,,,,,,
,,,,,,,,,,
,,,,,,,,,,
,,,,,,,,,,
,,,,,,,,,,
,,,,,,,,,,
,,,,,,,,,,
,,,,,,,,,,
,,,,,,,,,,
,,,,,,,,,,
,,,,,,,,,,
,,,,,,,,,,
,,,,,,,,,,
,,,,,,,,,,
,,,,,,,,,,
,,,,,,,,,,
,,,,,,,,,,
,,,,,,,,,,
,,,,,,,,,,
,,,,,,,,,,
,,,,,,,,,,
,,,,,,,,,,
,,,,,,,,,,
,,,,,,,,,,
,,,,,,,,,,
,,,,,,,,,,
,,,,,,,,,,
,,,,,,,,,,
,,,,,,,,,,
,,,,,,,,,,
,,,,,,,,,,
,,,,,,,,,,
,,,,,,,,,,
,,,,,,,,,,
,,,,,,,,,,
,,,,,,,,,,
,,,,,,,,,,
,,,,,,,,,,
,,,,,,,,,,
,,,,,,,,,,
,,,,,,,,,,
,,,,,,,,,,
,,,,,,,,,,
,,,,,,,,,,
,,,,,,,,,,
,,,,,,,,,,
,,,,,,,,,,
,,,,,,,,,,
,,,,,,,,,,
,,,,,,,,,,
,,,,,,,,,,
,,,,,,,,,,
,,,,,,,,,,
,,,,,,,,,,
,,,,,,,,,,
,,,,,,,,,,
,,,,,,,,,,
,,,,,,,,,,
,,,,,,,,,,
,,,,,,,,,,
,,,,,,,,,,
,,,,,,,,,,
,,,,,,,,,,
,,,,,,,,,,
,,,,,,,,,,
,,,,,,,,,,
,,,,,,,,,,
,,,,,,,,,,
,,,,,,,,,,
,,,,,,,,,,
,,,,,,,,,,
,,,,,,,,,,
,,,,,,,,,,
,,,,,,,,,,
,,,,,,,,,,
,,,,,,,,,,
,,,,,,,,,,
,,,,,,,,,,
,,,,,,,,,,
,,,,,,,,,,
,,,,,,,,,,
,,,,,,,,,,
,,,,,,,,,,
,,,,,,,,,,
,,,,,,,,,,
,,,,,,,,,,
,,,,,,,,,,
,,,,,,,,,,
,,,,,,,,,,
,,,,,,,,,,
,,,,,,,,,,
,,,,,,,,,,
,,,,,,,,,,
,,,,,,,,,,
,,,,,,,,,,
,,,,,,,,,,
,,,,,,,,,,
,,,,,,,,,,
,,,,,,,,,,
,,,,,,,,,,
,,,,,,,,,,
,,,,,,,,,,
,,,,,,,,,,
,,,,,,,,,,
,,,,,,,,,,
,,,,,,,,,,
,,,,,,,,,,
,,,,,,,,,,
,,,,,,,,,,
,,,,,,,,,,
,,,,,,,,,,
,,,,,,,,,,
,,,,,,,,,,
,,,,,,,,,,
,,,,,,,,,,
,,,,,,,,,,
,,,,,,,,,,
,,,,,,,,,,
,,,,,,,,,,
,,,,,,,,,,
,,,,,,,,,,
,,,,,,,,,,
,,,,,,,,,,
,,,,,,,,,,
,,,,,,,,,,
,,,,,,,,,,
,,,,,,,,,,
,,,,,,,,,,
,,,,,,,,,,
,,,,,,,,,,
,,,,,,,,,,
,,,,,,,,,,
,,,,,,,,,,
,,,,,,,,,,
,,,,,,,,,,
,,,,,,,,,,
,,,,,,,,,,
,,,,,,,,,,
,,,,,,,,,,
,,,,,,,,,,
,,,,,,,,,,
,,,,,,,,,,
,,,,,,,,,,
,,,,,,,,,,
,,,,,,,,,,
,,,,,,,,,,
,,,,,,,,,,
,,,,,,,,,,
,,,,,,,,,,
,,,,,,,,,,
,,,,,,,,,,
,,,,,,,,,,
,,,,,,,,,,
,,,,,,,,,,
,,,,,,,,,,
,,,,,,,,,,
,,,,,,,,,,
,,,,,,,,,,
,,,,,,,,,,
,,,,,,,,,,
,,,,,,,,,,
,,,,,,,,,,
,,,,,,,,,,
,,,,,,,,,,
,,,,,,,,,,
,,,,,,,,,,
,,,,,,,,,,
,,,,,,,,,,
,,,,,,,,,,
,,,,,,,,,,
,,,,,,,,,,
,,,,,,,,,,
,,,,,,,,,,
,,,,,,,,,,
,,,,,,,,,,
,,,,,,,,,,
,,,,,,,,,,
,,,,,,,,,,
,,,,,,,,,,
,,,,,,,,,,
,,,,,,,,,,
,,,,,,,,,,
,,,,,,,,,,
,,,,,,,,,,
,,,,,,,,,,
,,,,,,,,,,
,,,,,,,,,,
,,,,,,,,,,
,,,,,,,,,,
,,,,,,,,,,
,,,,,,,,,,
,,,,,,,,,,
,,,,,,,,,,
,,,,,,,,,,
,,,,,,,,,,
,,,,,,,,,,
,,,,,,,,,,
,,,,,,,,,,
,,,,,,,,,,
,,,,,,,,,,
,,,,,,,,,,
,,,,,,,,,,
,,,,,,,,,,
,,,,,,,,,,
,,,,,,,,,,
,,,,,,,,,,
,,,,,,,,,,
,,,,,,,,,,
,,,,,,,,,,
,,,,,,,,,,
,,,,,,,,,,
,,,,,,,,,,
,,,,,,,,,,
,,,,,,,,,,
,,,,,,,,,,
,,,,,,,,,,
,,,,,,,,,,
,,,,,,,,,,
,,,,,,,,,,
,,,,,,,,,,
,,,,,,,,,,
,,,,,,,,,,
,,,,,,,,,,
,,,,,,,,,,
,,,,,,,,,,
,,,,,,,,,,
,,,,,,,,,,
,,,,,,,,,,
,,,,,,,,,,
,,,,,,,,,,
,,,,,,,,,,
,,,,,,,,,,
,,,,,,,,,,
,,,,,,,,,,
,,,,,,,,,,
,,,,,,,,,,
,,,,,,,,,,
,,,,,,,,,,
,,,,,,,,,,
,,,,,,,,,,
,,,,,,,,,,
,,,,,,,,,,
,,,,,,,,,,
,,,,,,,,,,
,,,,,,,,,,
,,,,,,,,,,
,,,,,,,,,,
,,,,,,,,,,
,,,,,,,,,,
,,,,,,,,,,
,,,,,,,,,,
,,,,,,,,,,
,,,,,,,,,,
,,,,,,,,,,
,,,,,,,,,,
,,,,,,,,,,
,,,,,,,,,,
,,,,,,,,,,
,,,,,,,,,,
,,,,,,,,,,
,,,,,,,,,,
,,,,,,,,,,
,,,,,,,,,,
,,,,,,,,,,
,,,,,,,,,,
,,,,,,,,,,
,,,,,,,,,,
,,,,,,,,,,
,,,,,,,,,,
,,,,,,,,,,
,,,,,,,,,,
,,,,,,,,,,
,,,,,,,,,,
,,,,,,,,,,
,,,,,,,,,,
,,,,,,,,,,
,,,,,,,,,,
,,,,,,,,,,
,,,,,,,,,,
,,,,,,,,,,
,,,,,,,,,,
,,,,,,,,,,
,,,,,,,,,,
,,,,,,,,,,
,,,,,,,,,,
,,,,,,,,,,
,,,,,,,,,,
,,,,,,,,,,
,,,,,,,,,,
,,,,,,,,,,
,,,,,,,,,,
,,,,,,,,,,
,,,,,,,,,,
,,,,,,,,,,
,,,,,,,,,,
,,,,,,,,,,
,,,,,,,,,,
,,,,,,,,,,
,,,,,,,,,,
,,,,,,,,,,
,,,,,,,,,,
,,,,,,,,,,
,,,,,,,,,,