"Genotype","Maturity","Heterotic"
"1538",76,"Iodent"
"2369",80,"Stiff Stalk"
"29MIBZ2",74,"Iodent"
"2FACC",78,"Stiff Stalk"
"2FADB",80,"Stiff Stalk"
"2MA22",80,"Non Stiff Stalk"
"2MCDB",82,"Non Stiff Stalk"
"33-16",86,"Unknown"
"3IJI1",76,"Iodent"
"4226",80,"Unknown"
"4F-234 BX 4",86,"Tropical "
"4F-306 108",78,"Unknown"
"4F-35 BK",87,"Tropical "
"4N506",82,"Stiff Stalk"
"6F629",80,"Stiff Stalk"
"6M502",84,"Non Stiff Stalk"
"6M502A",84,"Non Stiff Stalk"
"764",76,"Stiff Stalk"
"78010",80,"Stiff Stalk"
"78551S",82,"Non Stiff Stalk"
"790",75,"Stiff Stalk"
"792",80,"Stiff Stalk"
"793",74,"Stiff Stalk"
"87916W",84,"Stiff Stalk"
"911",73,"Iodent"
"912",74,"Iodent"
"91IFC2",73,"Iodent"
"A",84,"Non Stiff Stalk"
"A208",75,"Non Stiff Stalk"
"A239",80,"Non Stiff Stalk"
"A258",78,"Non Stiff Stalk"
"A272",80,"Tropical "
"A305",73,"Unknown"
"A321",82,"Non Stiff Stalk"
"A322",71,"Unknown"
"A334",74,"Unknown"
"A340",74,"Mixed"
"A374",76,"Non Stiff Stalk"
"A385",71,"Non Stiff Stalk"
"A401",80,"Non Stiff Stalk"
"A427",76,"Unknown"
"A548",74,"Non Stiff Stalk"
"A556",74,"Non Stiff Stalk"
"A572",71,"Unknown"
"A619",86,"Non Stiff Stalk"
"A627",80,"Non Stiff Stalk"
"A632",80,"Stiff Stalk"
"A634",78,"Stiff Stalk"
"A635",80,"Stiff Stalk"
"A641",71,"Stiff Stalk"
"A648",80,"Non Stiff Stalk"
"A649",76,"Non Stiff Stalk"
"A659",80,"Non Stiff Stalk"
"A663",80,"Unknown"
"A672",76,"Stiff Stalk"
"A674",73,"Unknown"
"A679",74,"Stiff Stalk"
"A680",78,"Stiff Stalk"
"A682",76,"Non Stiff Stalk"
"A71",78,"Unknown"
"A73",76,"Non Stiff Stalk"
"A797NW",82,"Unknown"
"AQA3",73,"Stiff Stalk"
"AS6103",80,"Stiff Stalk"
"AusTRCF 306238",84,"Non Stiff Stalk"
"B-18 INBR.FR.SUPERGOLD",78,"Popcorn"
"B-28",80,"Popcorn"
"B103",78,"Non Stiff Stalk"
"B104",86,"Stiff Stalk"
"B105",85,"Stiff Stalk"
"B107",80,"Mixed"
"B108",84,"Unknown"
"B109",82,"Stiff Stalk"
"B110",84,"Stiff Stalk"
"B111",82,"Stiff Stalk"
"B114",80,"Mixed"
"B115",80,"Unknown"
"B119",82,"Stiff Stalk"
"B120",82,"Non Stiff Stalk"
"B121",82,"Stiff Stalk"
"B14",84,"Stiff Stalk"
"B14A",82,"Stiff Stalk"
"B164",82,"Unknown"
"B2",86,"Non Stiff Stalk"
"B37",82,"Stiff Stalk"
"B46",84,"Unknown"
"B47",84,"Stiff Stalk"
"B57",86,"Unknown"
"B65",84,"Non Stiff Stalk"
"B66",84,"Non Stiff Stalk"
"B68",86,"Stiff Stalk"
"B70",82,"Non Stiff Stalk"
"B73",80,"Stiff Stalk"
"B75",82,"Unknown"
"B76",78,"Stiff Stalk"
"B77",86,"Unknown"
"B79",86,"Unknown"
"B84",84,"Stiff Stalk"
"B85",76,"Unknown"
"B87",76,"Unknown"
"B88",82,"Unknown"
"B91",78,"Non Stiff Stalk"
"B97",84,"Non Stiff Stalk"
"B98",84,"Unknown"
"BEI 10 = NORTH 10",78,"Unknown"
"BO9",78,"Unknown"
"C103",80,"Non Stiff Stalk"
"C123",78,"Non Stiff Stalk"
"CA-4",73,"Sweet Corn"
"CG102",82,"Unknown"
"CH157",76,"Mixed"
"CH701-30",82,"Unknown"
"CH711-10",74,"Unknown"
"CH753-4",74,"Stiff Stalk"
"CH9",77,"Unknown"
"CI 40H",78,"Unknown"
"CM105",73,"Stiff Stalk"
"CO257",82,"Stiff Stalk"
"CO258",82,"Stiff Stalk"
"CQ702RC",82,"Non Stiff Stalk"
"CR 22 INBRED",75,"Unknown"
"CR14",76,"Stiff Stalk"
"CR1HT",71,"Non Stiff Stalk"
"CS405",74,"Mixed"
"DE2",84,"Iodent"
"DE3",84,"Non Stiff Stalk"
"DE4",80,"Mixed"
"DE811",86,"Stiff Stalk"
"DJ7",79,"Stiff Stalk"
"DK3IIH6",78,"Iodent"
"DK4676A",76,"Unknown"
"DK78002A",76,"Stiff Stalk"
"DK78010",80,"Stiff Stalk"
"DK78371A",81,"Non Stiff Stalk"
"DKFAPW",78,"Stiff Stalk"
"DKFBHJ",76,"Stiff Stalk"
"DKIB014",80,"Iodent"
"DKMBNA",76,"Non Stiff Stalk"
"DKPB80",78,"Stiff Stalk"
"E8501",84,"Non Stiff Stalk"
"EAST 028",75,"Mixed"
"Eng-Li Chih",78,"Unknown"
"F118",86,"Stiff Stalk"
"F2834T",84,"Tropical "
"FBLA",75,"Stiff Stalk"
"FC46",73,"Flint"
"FR19",84,"Mixed"
"G80",76,"Unknown"
"H105W",82,"Stiff Stalk"
"H110",84,"Unknown"
"H113",86,"Mixed"
"H114",82,"Stiff Stalk"
"H121",82,"Unknown"
"H122w",86,"Stiff Stalk"
"H42",80,"Unknown"
"H5",82,"Non Stiff Stalk"
"H71",82,"Non Stiff Stalk"
"H84",84,"Stiff Stalk"
"H91",82,"Stiff Stalk"
"H95",82,"Non Stiff Stalk"
"H96",86,"Unknown"
"H99",76,"Unknown"
"HP301",84,"Popcorn"
"HUANYAO",82,"Tropical "
"HUOBAI",86,"Tropical "
"Hy",82,"Non Stiff Stalk"
"I29",76,"Popcorn"
"Ia 453",73,"Sweet Corn"
"IA2132",73,"Sweet Corn"
"IBB14",74,"Iodent"
"IBB15",74,"Iodent"
"IBC2",75,"Non Stiff Stalk"
"ICI 193",75,"Mixed"
"ICI 441",78,"Stiff Stalk"
"ICI 740",80,"Stiff Stalk"
"ICI 893",80,"Stiff Stalk"
"ICI 986",80,"Iodent"
"ICI581",75,"Non Stiff Stalk"
"IDS28",84,"Popcorn"
"IDS69",86,"Popcorn"
"IDS91",84,"Popcorn"
"Il778d",82,"Sweet Corn"
"INB 101LFY/LFY (A632 X M16 S5)",82,"Stiff Stalk"
"INBRED 109",86,"Tropical "
"INBRED 141",84,"Unknown"
"INBRED 2-687",78,"Tropical "
"INBRED 305",84,"Unknown"
"INBRED 309",82,"Unknown"
"INBRED 321",82,"Tropical "
"J47",86,"Unknown"
"J8606",82,"Mixed"
"K150",82,"Unknown"
"K41",84,"Unknown"
"K47",86,"Popcorn"
"K55",86,"Unknown"
"KUNG-70",82,"Unknown"
"L 127",74,"Iodent"
"L 135",73,"Iodent"
"L 139",75,"Non Stiff Stalk"
"L 155",76,"Iodent"
"L 289",82,"Unknown"
"LH1",82,"Stiff Stalk"
"LH119",77,"Stiff Stalk"
"LH127",80,"Non Stiff Stalk"
"LH128",82,"Non Stiff Stalk"
"LH132",78,"Stiff Stalk"
"LH143 (Maintainer)",78,"Stiff Stalk"
"LH145",76,"Stiff Stalk"
"LH146Ht",73,"Stiff Stalk"
"LH149",74,"Stiff Stalk"
"LH165",78,"Non Stiff Stalk"
"LH166",74,"Non Stiff Stalk"
"LH172",74,"Mixed"
"LH181",82,"Non Stiff Stalk"
"LH184",76,"Mixed"
"LH185",80,"Non Stiff Stalk"
"LH190",82,"Stiff Stalk"
"LH191",84,"Mixed"
"LH192",84,"Stiff Stalk"
"LH193",82,"Stiff Stalk"
"LH194",84,"Stiff Stalk"
"LH195",82,"Stiff Stalk"
"LH197",80,"Stiff Stalk"
"LH198",78,"Stiff Stalk"
"LH199",80,"Stiff Stalk"
"LH202",75,"Stiff Stalk"
"LH204",80,"Stiff Stalk"
"LH205",84,"Stiff Stalk"
"LH206",76,"Stiff Stalk"
"LH208",82,"Stiff Stalk"
"LH209",78,"Stiff Stalk"
"LH211",86,"Non Stiff Stalk"
"LH213",82,"Non Stiff Stalk"
"LH214",82,"Non Stiff Stalk"
"LH215",82,"Non Stiff Stalk"
"LH216",84,"Non Stiff Stalk"
"LH222",74,"Stiff Stalk"
"LH223",76,"Stiff Stalk"
"LH224",82,"Stiff Stalk"
"LH227",80,"Stiff Stalk"
"LH295",75,"Stiff Stalk"
"LH38",76,"Non Stiff Stalk"
"LH54",76,"Non Stiff Stalk"
"LH57",78,"Non Stiff Stalk"
"LH59",82,"Non Stiff Stalk"
"LH60",82,"Non Stiff Stalk"
"LH61",75,"Non Stiff Stalk"
"LH65",86,"Non Stiff Stalk"
"LH74",80,"Stiff Stalk"
"LH82",76,"Unknown"
"LH93",80,"Unknown"
"LIBC 4",75,"Iodent"
"LP1 NR HT",80,"Stiff Stalk"
"Lp215D",74,"Non Stiff Stalk"
"LP5",75,"Stiff Stalk"
"M14",86,"Unknown"
"MBPM",84,"Mixed"
"MBST",82,"Non Stiff Stalk"
"MBWZ",82,"Iodent"
"MEF156-55-2",76,"Mixed"
"ML606",76,"Non Stiff Stalk"
"MM501D",82,"Non Stiff Stalk"
"Mo17",80,"Non Stiff Stalk"
"Mo1W",84,"Non Stiff Stalk"
"Mo46",82,"Unknown"
"Mo47",80,"Unknown"
"Mo5",86,"Mixed"
"MQ305",76,"Iodent"
"MS116",71,"Unknown"
"MS132",80,"Mixed"
"MS1334",78,"Mixed"
"MS153",76,"Mixed"
"MS200",76,"Unknown"
"MS211",80,"Non Stiff Stalk"
"MS221",82,"Stiff Stalk"
"MS224",76,"Unknown"
"MS225",75,"Unknown"
"MS226",80,"Unknown"
"MS24A",84,"Unknown"
"MS67",82,"Mixed"
"MS71",78,"Non Stiff Stalk"
"MS72",74,"Unknown"
"N192",76,"Stiff Stalk"
"N193",78,"Non Stiff Stalk"
"N197",75,"Non Stiff Stalk"
"N200",86,"Non Stiff Stalk"
"N201",80,"Stiff Stalk"
"N209",86,"Stiff Stalk"
"N211",82,"Mixed"
"N215",82,"Mixed"
"N217",84,"Stiff Stalk"
"N218",84,"Stiff Stalk"
"N28",84,"Stiff Stalk"
"N28Ht",82,"Stiff Stalk"
"N501",82,"Stiff Stalk"
"N523",82,"Stiff Stalk"
"N527",82,"Stiff Stalk"
"N534",82,"Mixed"
"N542",82,"Stiff Stalk"
"N6",80,"Non Stiff Stalk"
"N7A",84,"Stiff Stalk"
"NC250",86,"Stiff Stalk"
"NC262",78,"Popcorn"
"NC290A",86,"Popcorn"
"NC294",84,"Stiff Stalk"
"NC310",80,"Stiff Stalk"
"NC326",84,"Stiff Stalk"
"NC328",82,"Stiff Stalk"
"NC342",84,"Non Stiff Stalk"
"NC368",86,"Stiff Stalk"
"NC412",86,"Tropical "
"ND247",74,"Non Stiff Stalk"
"ND259",80,"Mixed"
"ND265",71,"Non Stiff Stalk"
"NK740",82,"Non Stiff Stalk"
"NK778",74,"Non Stiff Stalk"
"NK807",74,"Stiff Stalk"
"NKS8326",82,"Non Stiff Stalk"
"NORTH 7",73,"Unknown"
"NQ508",78,"Iodent"
"NS501",76,"Mixed"
"NS701",80,"Stiff Stalk"
"NY 159 (Neveh Yaar)",78,"Mixed"
"NY 166 (Neveh Yaar)",82,"Mixed"
"NY6371",84,"Tropical "
"Ny821",78,"Unknown"
"OC19",82,"Unknown"
"OH33",80,"Unknown"
"Oh40B",76,"Non Stiff Stalk"
"Oh43",73,"Non Stiff Stalk"
"Oh7",82,"Non Stiff Stalk"
"OQ403",71,"Iodent"
"OQ603",76,"Iodent"
"Os420",80,"Non Stiff Stalk"
"Os426",84,"Mixed"
"OS602",75,"Iodent"
"Pa392",80,"Unknown"
"Pa405",78,"Mixed"
"Pa762",84,"Non Stiff Stalk"
"Pa778",82,"Non Stiff Stalk"
"Pa875",80,"Unknown"
"Pa880",84,"Unknown"
"Pa91",86,"Non Stiff Stalk"
"PH207",76,"Iodent"
"PHB09",80,"Stiff Stalk"
"PHB47",78,"Stiff Stalk"
"PHBA6",78,"Non Stiff Stalk"
"PHBB3",82,"Stiff Stalk"
"PHBW8",76,"Stiff Stalk"
"PHEG9",86,"Stiff Stalk"
"PHG29",76,"Iodent"
"PHG47",73,"Non Stiff Stalk"
"PHG50",76,"Iodent"
"PHG71",74,"Stiff Stalk"
"PHG72",75,"Iodent"
"PHG80",80,"Stiff Stalk"
"PHG83",80,"Iodent"
"PHG86",80,"Stiff Stalk"
"PHGW7",73,"Iodent"
"PHH93",75,"Iodent"
"PHHH9",80,"Mixed"
"PHHV4",78,"Unknown"
"PHJ33",84,"Iodent"
"PHJ70",82,"Mixed"
"PHJ89",75,"Non Stiff Stalk"
"PHJ90",78,"Iodent"
"PHJR5",75,"Stiff Stalk"
"PHK29",84,"Stiff Stalk"
"PHK35",80,"Stiff Stalk"
"PHK42",76,"Iodent"
"PHK56",82,"Non Stiff Stalk"
"PHK74",73,"Iodent"
"PHK76",80,"Non Stiff Stalk"
"PHK93",82,"Non Stiff Stalk"
"PHKE6",75,"Iodent"
"PHM10",80,"Iodent"
"PHN11",73,"Iodent"
"PHN29",80,"Mixed"
"PHN34",86,"Non Stiff Stalk"
"PHN46",82,"Non Stiff Stalk"
"PHN66",78,"Stiff Stalk"
"PHN82",78,"Iodent"
"PHP02",75,"Iodent"
"PHP55",75,"Iodent"
"PHP76",75,"Iodent"
"PHP85",84,"Stiff Stalk"
"PHPR5",82,"Stiff Stalk"
"PHR03",84,"Mixed"
"PHR30",75,"Unknown"
"PHR31",82,"Iodent"
"PHR36",80,"Iodent"
"PHR47",80,"Mixed"
"PHR55",82,"Non Stiff Stalk"
"PHR58",84,"Non Stiff Stalk"
"PHR63",78,"Iodent"
"PHT10",82,"Stiff Stalk"
"PHT22",82,"Iodent"
"PHT47",82,"Stiff Stalk"
"PHT55",82,"Stiff Stalk"
"PHT69",75,"Stiff Stalk"
"PHTM9",73,"Non Stiff Stalk"
"PHV37",73,"Stiff Stalk"
"PHV57",75,"Iodent"
"PHV63",86,"Stiff Stalk"
"PHV78",86,"Mixed"
"PHVA9",73,"Stiff Stalk"
"PHVJ4",71,"Iodent"
"PHW03",75,"Mixed"
"PHW17",78,"Stiff Stalk"
"PHW20",73,"Mixed"
"PHW30",78,"Mixed"
"PHW43",82,"Non Stiff Stalk"
"PHW52",80,"Stiff Stalk"
"PHW53",84,"Iodent"
"PHW65",84,"Non Stiff Stalk"
"PHW79",82,"Mixed"
"PHW80",78,"Non Stiff Stalk"
"PHW86",73,"Iodent"
"PHWG5",82,"Non Stiff Stalk"
"PHZ51",82,"Non Stiff Stalk"
"Q381",76,"Non Stiff Stalk"
"R113",80,"Mixed"
"R168",80,"Non Stiff Stalk"
"R177",87,"Unknown"
"R181B",80,"Mixed"
"R226",84,"Mixed"
"R227",84,"Stiff Stalk"
"R229",84,"Stiff Stalk"
"R71",84,"Non Stiff Stalk"
"R78",82,"Unknown"
"S8326",80,"Non Stiff Stalk"
"SD101",78,"Stiff Stalk"
"SD102",76,"Iodent"
"SD107",80,"Stiff Stalk"
"SD40",80,"Mixed"
"SD44",78,"Mixed"
"Seagull Seventeen",80,"Non Stiff Stalk"
"SG 30A",80,"Popcorn"
"T242",71,"Sweet Corn"
"Tr",82,"Stiff Stalk"
"TZU-CHIAO-HSI-WU 105",80,"Unknown"
"Va17",86,"Non Stiff Stalk"
"Va22",84,"Non Stiff Stalk"
"Va26",82,"Non Stiff Stalk"
"Va35",84,"Non Stiff Stalk"
"Va52",80,"Mixed"
"Va59",84,"Non Stiff Stalk"
"Va99",80,"Non Stiff Stalk"
"VaW6",84,"Unknown"
"W117Ht",73,"Non Stiff Stalk"
"W153R",74,"Non Stiff Stalk"
"W182E",73,"Non Stiff Stalk"
"W22",82,"Non Stiff Stalk"
"W23",82,"Non Stiff Stalk"
"W24",82,"Unknown"
"W32",84,"Non Stiff Stalk"
"W37A",80,"Non Stiff Stalk"
"W552",74,"Mixed"
"W602S",78,"Mixed"
"W603S",76,"Non Stiff Stalk"
"W604S",78,"Non Stiff Stalk"
"W605S",78,"Non Stiff Stalk"
"W606S",82,"Non Stiff Stalk"
"W607S",80,"Non Stiff Stalk"
"W610S",84,"Mixed"
"W611S",80,"Non Stiff Stalk"
"W612S",78,"Non Stiff Stalk"
"W613S",75,"Non Stiff Stalk"
"W614S",77,"Non Stiff Stalk"
"W64A",74,"Non Stiff Stalk"
"W701BC",71,"Non Stiff Stalk"
"W803G",84,"Mixed"
"W809G",84,"Stiff Stalk"
"W810G",82,"Non Stiff Stalk"
"W811G",80,"Stiff Stalk"
"W812G",82,"Stiff Stalk"
"W813G",82,"Stiff Stalk"
"W814G",81,"Mixed"
"W815G",84,"Mixed"
"W817G",84,"Non Stiff Stalk"
"W819G",84,"Stiff Stalk"
"W820G",84,"Stiff Stalk"
"W821G",80,"Non Stiff Stalk"
"W8304",78,"Stiff Stalk"
"W9",71,"Non Stiff Stalk"
"Wf9",82,"Non Stiff Stalk"
"WIL900",86,"Non Stiff Stalk"
"WIL901",85,"Non Stiff Stalk"
"WIL903",82,"Non Stiff Stalk"
"WR3",76,"Mixed"
"WU-TAN-TZAO",82,"Unknown"
"WXB6",84,"Unknown"
"YE 4",84,"Tropical "
"YING-55",82,"Unknown"
"YONG 28",80,"Unknown"
"Yu796 NS",84,"Unknown"
"ZS365",80,"Stiff Stalk"
"ZS635",75,"Stiff Stalk"
